Identifier,Sentence
0.0.0-0.0.23,"46 Pascal Attinger tablets in the collections of the Oriental Institute, Univ. of Chicago   propos de AK «faire»1 (I) par Pascal Attinger – Berne Ces pages sont consacrées à une étude de ak «faire»."
0.0.24-0.0.71,"Après une discussion du paradigme paradigme (2) et des graphies (non-)standard et gloses de lecture de ak (3), le lecteur trouvera quelques ajouts et corrections au The Sumerian Dictionary of the University Museum of the University of Pennsylvania (Philadelphia 1984 ff.)   A/III 70–76, ak 1–7 (4) et une liste des «composés» «composés» de ak et des expressions idiomatiques formées avec ak (5)."
0.0.72-0.0.92,Des remarques de détail touchant les autres lexèmes inclus dans le The Sumerian Dictionary of the University Museum of the University of Pennsylvania (Philadelphia 1984 ff.)   A/III (pp. 1–69 et 131–217) closent l’article l’article (6).
0.0.93-0.0.93,1.
0.0.94-0.0.134,"Introduction Il est bien connu qu’à côté de du11-g/e/di-d «dire», ak «faire» est le verbe le plus productif de la langue sumérienne, et il n’est en conséquence conséquence pas étonnant qu’un quart du The Sumerian Dictionary of the University Museum of the University of Pennsylvania (Philadelphia 1984 ff.)   A/III (1998) lui soit consacré (pp. 70–131)."
0.0.135-0.0.209,"Il va sans dire que ces pages rendront d’inestimables services services tant pour le travail quotidien que comme base d’une recherche systématique systématique sur ak, elles sont toutefois entachées de deux défauts qui en rendent l’utilisation malaisée: – La liste des «idiomatic phrases» (pp. 76–109 sub voce   ak 8) est très incomplète, et ceci pour une double raison: D’une part, quelque 80 ex1 ex1 «Review article» de The Sumerian Dictionary of the University of Pennsylvania Museum."
0.0.210-0.0.214,"Vol. 1: tablets in the collections of the Oriental Institute, Univ. of Chicago   Part III."
0.0.215-0.0.245,"Ed. by Åke field numbers of tablets excavated at Warka   Sjöberg with the collaboration of Hermann Behrens, Antoine Cavigneaux, Barry L. Eichler, Margaret field numbers of tablets excavated at Warka   Green, Philip Jones, Erle Leichty, Darlene Loding, Steve Tinney, Niek Veldhuis, Wu Yuhong."
0.0.246-0.0.254,"Philadelphia: Babylonian Babylonian Section of the University Museum, 1998."
0.0.255-0.0.259,ISBN: 0-924171-58-8. xlv + 217.
0.0.260-0.0.298,"Je me dois de remercier en premier lieu field numbers of tablets excavated at Warka   Sallaberger, qui a lu une version antérieure de cet article et dont les avis autorisés m’ont été un inestimable appui lors de la rédaction rédaction souvent douloureuse de cet article."
0.0.299-0.0.321,J’ai eu accès aux textes sur disquettes de B. Jagersma Jagersma (époque présargonique) et de R. de Maaijer (époques d’Ur III et d’Isin).
0.0.322-0.0.330,Que leurs auteurs trouvent ici l’expression de ma reconnaissance.
0.0.331-0.0.377,"Ma gratitude va également également à ceux qui mirent à ma disposition une copie de leur partition d’une ou de plusieurs plusieurs compositions littéraires pB: B. Alster (Instr. Sˇur.), M. Civil (U-ezinan), P. Delnero Delnero (EJN, Kisˇ Hy. et SˇA) et C. Wilcke (Lugalb. I et II)."
0.0.378-0.0.483,"Noter a ja x = a, asarx = A. Deimel, Liste der archaischen Keilschriftzeichen (= WVDOG 40, 1922)   212/tu.gab.lisˇ, b iri x = bir, d il x = dul3, d il y = sag, d u b s i g x = il2, egˆ arx = sig4, g eg x = gig, gˆ esˇgem x = agrig, gˆ esˇnimbarx = gˆ isˇi m m a r, gˆ esˇn u x = na2, gˆ ezzal x = gˆ izzal , äab2 = gigir, izim x = ezen, kisˇebx = k isˇib , kugˆ x = kun, mussa x = munus.usˇ, n igˆ daba x = pad.dinanna, nugˆ x = nun et u ga x = naga."
0.0.484-0.0.485,Zeitschr. f.
0.0.486-0.1.69,"Assyriologie Bd. 95, S. 46–64 © Walter de Gruyter 2005 ISSN 0084-5299 tablets in the collections of the Oriental Institute, Univ. of Chicago   propos de ak «faire» (I) 47 pressions ont été omises; il s’agit le plus souvent d’hapax d’interprétation difficile, mais pas toujours (manquent par ex. (gˆesˇ)al ak en contexte2, (gˆ e sˇ)gul ak, äab2 ak, äab2/äa bx-sˇe 3 ak, i 3(-gˆ esˇ/nun/sˇaä a/udu , etc.) ak, ki field numbers of tablets excavated at Nimrud   ak, sa(-)ra ak, si-im-da ak, sˇu ak, sˇu-bala ak, sˇu-gibil/gibil 4ak et tu 9-saga11 ak; pour tous ces termes, v. infra s.v.)."
0.1.70-0.1.113,"D’autre part, les expressions attestées seulement dans les textes lexicaux ne sont qu’exceptionnellement enregistrées dans la liste principale principale (type «8.205 ti-ti – ak: see lexical reference(s)   207.» [p. 106]), et par là-même pratiquement introuvables sans recherche ardue ( j’en ai dénombré environ environ 160)."
0.1.114-0.1.192,"En bref, 240 (80 + 160)3 entrées font défaut, un nombre plus élevé que les 231 citées. – Les traductions (et parfois même les translitérations) ne sont pas rarement inexactes; pour ne mentionner qu’un cas (il est vrai extrême), le très fréquent a-sˇa 3-ge kigˆ 2 ak «travailler un champ» est enregistré à la p. 91 sub voce   «8.123.4 in agricultural context: a -sˇa 3 gi kin ak», sans traduction (et pour cause!), et en ne renvoyant qu’à six textes."
0.1.193-0.1.256,"Dans les pages qui suivent, le lecteur trouvera une discussion du paradigme paradigme de ak (2), une liste des graphies (non-)standard et des gloses de lecture de ak (3), quelques ajouts à a k 1–7 (A/III pp. 70–76) (4), une liste des «composés» de ak et des expressions idiomatiques formées avec ak (5), enfin des remarques de détail concernant le reste du volume (6)."
0.1.257-0.1.257,2.
0.1.258-0.1.297,"Le paradigme de AK 2.1 Bibliographie: field numbers of tablets excavated at Warka   field numbers of tablets excavated at Warka   Hallo, Journal of the Ancient Near Eastern Society (of Columbia University) (New York 1968/69 ff.)   5 (1973) 168 avec litt. ant.; A. Cavigneaux, Zeichenlisten (1976) 45–47; D. O. Edzard, Zeitschrift für Assyriologie und verwandte Gebiete , (from 1939) und Vorderasiatische Archäologie (Leipzig … Berlin 1886 ff.); s. UAVA   66 (1976) 55 sq.; M. Yoshikawa, Journal of Cuneiform Studies (New Haven . . . Baltimore 1947 ff.)   29 (1977) 87 sq.; M. A. Powell, Mél."
0.1.298-0.1.306,"Diakonoff (1982) 314–319; Cavigneaux, ASJ 9 (1987) 49–51; Cavigneaux/F."
0.1.307-0.1.382,"N. H. al-Rawi, Zeitschrift für Assyriologie und verwandte Gebiete , (from 1939) und Vorderasiatische Archäologie (Leipzig … Berlin 1886 ff.); s. UAVA   83 (1993) 190; Cavigneaux/al-Rawi, Zeitschrift für Assyriologie und verwandte Gebiete , (from 1939) und Vorderasiatische Archäologie (Leipzig … Berlin 1886 ff.); s. UAVA   85 (1995) 32 sq.; J. Krecher, AOAT 240 (1995) 162; Cavigneaux, Nouvelles Assyriologiques Brèves et Utilitaires (Paris 1987 ff.); cf. Mémoires de NABU (1992 ff.), Cahiers de NABU (1990 ff.)   1998/75; M. Schretter, Schretter, BiOr. 58 (2001) 154. 2.2 Il est bien connu qu’à part ak «faire», seuls deux lexèmes ont (partiellement) une finale en -/k/: lu 5-k/g «vivre dans, se trouver» (animal, (animal, base sg.) et ka-k/g «bouche» (pour le possible kisˇek 2 dans J.Bauer, Altsumerische Wirtschaftstexte aus Lagasch (= StPohl 9, 1971)   118 iii 4, v. infra 6 ad ad2 A)."
0.1.383-0.2.19,"Rappelons brièvement les faits. 2 Discuté il est vrai aux pp. 139 sq. sub voce   al tablets in the collections of the Oriental Institute, Univ. of Chicago   13, mais il n’y a pas de renvoi à la p. 77 entre entre addir–ak et a n d ul 3–ak. 3 Non comptées sont les expressions en n a m / n a m 2-… + ak (a k 9, pp. 109–115) et les cas, assez rares, de Museum siglum of the University Museum, Philadelphia (Nippur)   ak «traiter N» (comp. a k 6) qui ont été intégrés dans la liste des «composés» de ak et des expressions idiomatiques formées avec ak donnée ci-dessous ci-dessous 5. 48 Pascal Attinger 1) lu 5-k/g (P. Steinkeller, Studi Epigrafici e Linguistici sul Vicino Oriente Antico (Verona 1984 ff.)   1 [1984] 1–10 et 14 sq.; P. Michalowski, Michalowski, ibid. 19–22)."
0.2.20-0.2.116,"L’alternance -k/g est un phénomène de nature diachronique: diachronique: Avant Ur III on a lu 5-k (mu-da-lu 5-ka-am 6 [DP 338 i 4] et e-lu 5-ka-am 3 [MAD 4, 33:6; confer   Steinkeller p. 6]), à Ur III lu 5-k dans le NP ä a-ba-lu 5-ke 4 4 (gr. standard), lu ( 5 )-g dans les graphies non-standard de Nippur äa-ba-lu (5)-ge/ge18 (Steinkeller p. 6; aussi D. l. Owen, Neo-Sumerian Archival Texts primarily from Nippur (Winona Lake 1982)   573 reverse; revised   1´) et dans lu 5-ga (Steinkeller p. 6 citant Tablet siglum of texts in the Archeological Museum in Istanbul (Lagash/Girsu)   1036), à l’ép. pB enfin lu-g (Steinkeller pp. 8 sq. et Michalowski; tous les ex. sûrs devant devant /a/)."
0.2.117-0.2.136,"En bref, /luk/ e évolué en /lug/ durant l’ép. d’Ur III, pour une raison que je ne puis toutefois préciser."
0.2.137-0.2.151,La rareté des lexèmes en -k a certainement certainement facilité ce changement. 2) ka-k/g (B.
0.2.152-0.2.176,"Landsberger, Materialien zum sumerischen Lexikon/Materials for the Sumerian Lexicon (Rom 1937 ff.); SS = Supplementary Series (1, 1986)   9 [1967] 145 et n. 2; G. FarberFlügge, FarberFlügge, Studia Pohl (Rom 1967 ff.); SM = Series Maior (1969 ff.)   10 [1973] 84 sq.; J. Krecher, Zeitschrift für Assyriologie und verwandte Gebiete , (from 1939) und Vorderasiatische Archäologie (Leipzig … Berlin 1886 ff.); s. UAVA   63 [1973] 190 n. 111; St."
0.2.177-0.2.187,"Lieberman, SLOB [1977] 336 n° 372; Krecher, Zeitschrift für Assyriologie und verwandte Gebiete , (from 1939) und Vorderasiatische Archäologie (Leipzig … Berlin 1886 ff.); s. UAVA   60 [1979] 3)."
0.2.188-0.2.242,"L’alternance -k/g est conditionnée tant diachroniquement que phonétiquement. phonétiquement. Devant /a/, on a ka-k à l’ép. présarg. et à partir de l’ép. pB, mais ka-g à Ur III (dans ka-ga-na [v.s.] ge-n «confirmer dans sa déclaration»), devant /e/ ka-g (cf. le NP ka-ge à Ur III [ELS 371 sub voce   «d u11-ge»], passim à l’ép. pB)."
0.2.243-0.2.294,"*ka-ke 4 n’est pas attesté. La raison de ce phénomène m’échappe totalement. En bref, tant lu 5-k/g que ka-k/g se distinguent sensiblement de ak, lequel ne peut être comparé qu’au morphème du génitif {ak} (v. en dernier lieu ELS 258 sq. et D. O. Edzard, Sumerian Grammar, HdO 71 [Leiden/Boston 2003] 36–38)."
0.2.295-0.2.342,"{ak} et {ak} ont en commun les points suivants: – Aphérèse du /a/ initial après voyelle, régulière dans le cas du génitif, probabl. fréquente avec {ak} (cf. 2.2.1), quoique la chose soit le plus souvent souvent masquée par l’écriture. – Apocope du /k/ en finale absolue (cf. 3.1.1)."
0.2.343-0.2.374,"Beaucoup plus complexe est en revanche le détail des graphies de {ak}/{ak} suivi de /( a )k/ (génitif), / <a/ (locatif, nominalisation), / <am/ (copule) et /e/ (ergatif/locatif-terminatif, sujet 3e sg. marû)."
0.2.375-0.2.400,"– Devant /a ( k ) / (génitif): {a k + a k} est écrit (a (a )-ka , {b + ak + ak} -ba-ka (3.1.2.2)."
0.2.401-0.3.20,"– Devant /<a/ (locatif, nominalisation): {ak + <a } est écrit (-a )-ka , {(…) ak + <a} ak = aka (ancien), (-)ak-a (un exemple isolé à l’ép. présarg., présarg., pas rare à Ur III, quasi standard à partir de l’ép. pB) et, beaucoup 4 Pour la lecture ke ke 4, confer   n. 25. tablets in the collections of the Oriental Institute, Univ. of Chicago   propos de ak «faire» (I) 49 plus rarement, (-)ak-ka/ga v.s. (à partir d’Ur III) (cf. 2.2.2, 3.1.2.1, 3.3.2.1 et 3.3.2.2)."
0.3.21-0.3.54,"– Devant /<am/ (copule): {ak + am} est écrit (-a )-kam , {(…) ak + am} (-)ak-am 3 (à partir de Gudéa; pour ak-am 6 = probabl. aka-am 6 à l’ép. présarg., v. 2.2.2)."
0.3.55-0.3.95,"– Devant /e/ (ergatif/locatif-terminatif, sujet 3e sg. marû): {ak + e} est écrit (-a )-ke 4, {(…) ak + e} (-)ak-ke 4 à époque ancienne, (-)ak-e à partir de l’ép. pB (3.4.2; un ex. isolé à Ur III [cf. n. 36])."
0.3.96-0.3.102,L’interprétation de ces divergences n’est pas évidente.
0.3.103-0.3.122,"Soit {ak} et {ak} ne sont pas totalement homophones, soit (plus vraisemblablement) les graphies (-)ak-a/am 3/e sont de type morphophonologique."
0.3.123-0.3.153,"De ce bref survol il ressort que ak est phonologiquement singulier, ce qui rend la reconstruction de son paradigme très épineuse (cf. l’important l’important article de Powell dans Mél. Diakonoff 314–319)."
0.3.154-0.3.184,"Même après avoir collecté un nombre assez considérable de graphies non-standard de ak, force m’est de constater que je ne suis pas non plus capable de présenter un schéma réellement satisfaisant."
0.3.185-0.3.206,"Quelques points me semblent toutefois toutefois mériter d’être soulignés: 2.2.1 Autant que je puisse en juger, ak est un verbe quasi régulier."
0.3.207-0.3.294,"Il ne connaît ni variations hétéronymiques (type du11-g/e/di-d ), ni modifications modifications phonétiques imprévisibles de la base (type e 3-Ø/e 3-d )5, mais seulement deux allomorphes /a( k ) / et /k/, dont l’apparition était, selon toute vraisemblance, conditionnée par l’environnement phonétique et/ou l’accent. /k/ est obligatoire dans le participe marû (ke 3-d = /k/ + {e d}) et probabl. dans les 3es pl. marû (-ke 3-ne ), attesté sinon sporadiquement, sporadiquement, aussi bien dans les formes äamtu, conjuguées ou non, que dans les autres formes marû conjuguées."
0.3.295-0.3.473,"Le détail m’échappe, mais il est clair que /k/ est particulièrement fréquent après voyelle et/ou devant certains suffixes (ou certaines séquences suffixales), qui ont dû entraîner un déplacement de l’accent, par ex. {e d}, peut-être le {a} de l’impératif 6 (cf. 5 Pour de rares indices pouvant éventuellement plaider en ce sens, confer   infra 3.1.1 Ur III écon./jur. sub voce   -b a a a et n n aa aa ; une analyse {b/n + ak} est à mon sens plus probable que {b/n + ak + <a}, mais il est vrai que je ne puis justifier la graphie pleine consonant   a-a au lieu de -C a . En ce qui concerne la distinction faite, avant l’ép. pB, entre -ak-esˇ 2 (3e pl. ä.) et -ak-ke 4 (3e sg. m.), il convient de noter que ce phénomène n’est pas limité à ak, et n’implique donc pas que la Bä. et la Bm. étaient phonétiquement distinctes. 6 En faveur d’une accentuation finale de l’impératif, confer   les formes intransitives B-b i/ n i telle ge 4-b i «Retourne!», etc. (ELS 265 et 299)."
0.4.0-0.4.154,"50 Pascal Attinger ka(-ab ) = ak(-ab ) dans EnlSud 97 Tablet siglum of texts in the Archeological Museum in Istanbul (Lagash/Girsu)   [Ni.] et FI 6 consonant   [Ni.])7, {en + a} (cf. a-ra 2 ib2-ak-na-bi «sa voie que je dois faire» = «comment je dois procéder» dans TMH 6, 4:8 et 12 et 15:17 [Ur III], a-na ib2ak- akna-bi akna-bi «ce que je dois faire» dans Römer, AOAT 240, 420:8, a-gin7(-)nam(-)ak-na-bi «comment je dois procéder» dans Yale Oriental Series, Babylonian Texts (New Haven 1915 ff.)   11, 40:10 et nigˆ 2 ab-ak.ak-na-zu «ce que tu fais» dans SP 1.37), etc. 2.2.2 Quasi régulier, mais pas régulier (au moins au niveau graphique)! graphique)! Une forme fait en effet réellement difficulté, à savoir le participe äamtu ak (pas ak-a !) attesté à époque ancienne. La première occurrence de ak-a que je connaisse date de Sˇ 43 (Touzalin, M. Touzalin 1982   233:3 [Um.])8, et avant l’ép. pB, je ne pourrais guère en citer plus de vingt exemples, une quantité négligeable face à l’énorme masse des ak «remplaçant» ak-a (v."
0.4.155-0.4.161,"J. Krecher, ASJ 15 [1993] 89 sq.)."
0.4.162-0.4.219,"Cf. e.g. la séquence fréquente ge ga 6gˆ 6gˆ a 2 ge a ak u 3 ( ge )gilim sur-ra v.s., «qui ont transporté des roseaux, humidifié(?)/trempé(?) les roseaux et (tordu =) fait des ‹poteaux(?)›» ‹poteaux(?)›» (MVN 14, 510:3–5; UTAMI 3, 1912:3–5 et 2201:3–5; UTAMI 4, 2781:3–5 [ajoute ge dar-da après ge a ak] et UTAMI 5, 3096:3–5)."
0.4.220-0.4.325,"tablets in the collections of the Oriental Institute, Univ. of Chicago   partir de l’ép. pB, la graphie ak-a devient standard, sans supplanter toutefois complètement ak (avant tout dans l’acception «qui est/a été fait» [passif])9. 7 Trois autres exemples (Suse, prov. inc.) plaident en revanche pour la préservation du /a/ initial (v. en général infra 3.2); dans ce cas, la finale du mot précédent jouait certainement certainement un rôle, du moins à en juger par les sandhis du type [ gˆ esˇt] esˇt] u 9gˆ esˇtu(-)gaa-ni esˇtu(-)gaa-ni = gˆ esˇt esˇt u 9gˆ esˇtu akn akn i (U-ezinan 162 G1) ou e n -n u -un(-)n ag-ab = en-nuu en-nuu gˆ 3 akab akab (FI 6 A3)."
0.4.326-0.4.341,"8 Mais confer   akk akk [a] déjà dans Sˇ 21 (MVN 21, 270 reverse; revised   3 [Um.])."
0.4.342-0.4.369,"9 Cf. infra 3.3 pour pronom pers.gin pers.gin 7 ak «qui est fait comme moi(/…)» et 3.3.1 pour u m u m ak, partiellement «qui a été instruit»."
0.4.370-0.4.510,"Ajouter par ex. a-n a ak = a-na mim-ma sˇa2 in-ne2-ep-sˇu «tout ce qui a été fait» (Lugale 112), aga/ ag a 3 zi ak-me-en «je suis celui qui a été couronné de la couronne légitime» (SˇE 9), (n igˆ 2(-)ak «chose faite» [passim à côté de n igˆ 2aka]; 2aka]; originellement probabl. type s a 2-du11!), n igˆ 2-ge17 ak n a m lu lu 2lu 2lu 7 (lu)-ka/ke 4 «le mal infligé à l’humanité» (GiM Museum siglum of the Archaeological Museum, Istanbul (Nippur)   v 17; la version de Tell Hadad a aka aka [M 182]), n igˆ 2-ge17-g a ak-b i «ce mal infligé» (Sîniddinam-Utu 38), e sˇe 2 sˇu ak «corde faite main» (GiEn. 276), g e sˇu ak «bâche(?) de roseau faite main» (GiEn. 278 // ge sˇu aka aka dans la version de Tell Haddad) et sˇu ak «bien traité» (Isˇme-Dagan Assyriologische Bibliothek (Leipzig 1881 -1933); NF = Neue Folge, 1-2 (1933)   120)."
0.4.511-0.4.539,"Dans l’acception «qui a fait» (participe passé actif), les exemples sûrs sont rares, d’autant plus qu’une variation d’ordre sémantique («qui fait» // «qui a fait») est parfois envisageable (e.g."
0.4.540-0.4.544,Nansˇe Hy. 141 et 149).
0.4.545-0.4.599,"Un cas clair est DuDr. 194 Z (Ni.): u n u k isˇe isˇe 3 n i gˆ 2munus.usˇ.dam 2munus.usˇ.dam ak-me-{en} // n igˆ 2mussa 2mussa xs a 2 ak-a-me-en (o et probabl. x) // n igˆ 2-mussa xs a 2 ka-me-en (J’ [prov. inc.]), «C’est moi qui ai fait les cadeaux nuptiaux à Uruk»."
0.5.0-0.5.85,"tablets in the collections of the Oriental Institute, Univ. of Chicago   propos de ak «faire» (I) 51 L’interprétation des faits la plus simple est de voir dans ak un «frozen case of Fara or earlier orthograph where the orthographical representation representation of -/a/ was omitted» (Krecher, ASJ 15, 89), quoique je ne voie pas pourquoi la non-explicitation de {<a} soit limitée au seul verbe ak. Cela rendrait toutefois compte également de ak-am 6 (AWL 2 i 2 et v 1 sq. etc.) et du NP / dumu gˆ a 2-a-na-ak-ke 4 (SR 60 i 2 sq.)."
0.5.86-0.5.129,"Un contreexemple contreexemple possible est toutefois Ent. 41 v 1–6: en-mete-na / lu 2 eg 2 maä / dnin-gˆ i r2-su 2-ka / ak-ka / digˆ ir-ra-ni / dsul-utul 6-am 6, pour autant que l’on analyse ak-ka en {ak + <a} (ainsi par ex."
0.5.130-0.5.147,"Steible p. 257) ou en {ak + ak} («D’E., l’homme qui a fait l’immense canal de N. (…)»)."
0.5.148-0.5.184,"Si l’on rapproche en revanche notre passage de Gudéa St. tablets in the collections of the Oriental Institute, Univ. of Chicago   iii 7–iv 2 (gu 3-de 2-a / lu 2 e 2 du 3-a-ka / nam-til 3-la-ni mu-sud ; confer   aussi St. consonant   iii 18–iv 1, St."
0.5.185-0.5.189,I v 3–6 et St.
0.5.190-0.5.216,"P v 3–6), les problèmes disparaissent: disparaissent: ak-ka = aka-ka = {ak + ak + ak} (traduire littéralt «D’E., l’homme de l’immense canal de N. fait (…)»)."
0.5.217-0.5.302,"La lecture aka de ak pourrait être également attestée dans les formes conjuguées, à savoir dans les temporelles du type {( u 4) V10 + <a + <a(loc.)}; à l’ép. présarg., la graphie usuelle n’est pas -ak-a-a (attestée seulement dans b e 2-ak-a-a [DP 251 ii 5]), mais -ak-a (e/mu-ak-a ; confer   AWEL 175 vi 5 et 259 vi 1, J.Bauer, Altsumerische Wirtschaftstexte aus Lagasch (= StPohl 9, 1971)   117 vi 3, M. F. Allotte de la Fuÿe, Documents présargoniques (Paris 1908-1920)   238 iii 2, Sollberger, Bulletin du Musée d'Arts et d'Histoire de Genève (Genf 1923-1952); NS = nouvelle série (1953 ff.)   Bulletin du Musée d'Arts et d'Histoire de Genève (Genf 1923-1952); NS = nouvelle série (1953 ff.)   26, 57, Museum siglum of the Musée d'Art et d'Histoire, Geneva   16248 iii 5, F. Thureau-Dangin, Recueil des tablettes chaldéennes (Paris 1903)   50 v 4 et TSA 37 v 6)."
0.5.303-0.5.434,"tablets in the collections of the Oriental Institute, Univ. of Chicago   Ur III, ( u 4) (…)-ak-a n’est pas rare non plus; confer   par ex. Buccellati, G. 1966   15:4–6, Materiali per il vocabulario neosumerico (Rom 1974 ff.)   11, 144:17´ et 183:9–11, Materiali per il vocabulario neosumerico (Rom 1974 ff.)   18 = AulOr.-S 11, 108 iv 4, Materiali per il vocabulario neosumerico (Rom 1974 ff.)   20, 31 [= d’Agostino, Zeitschrift für Assyriologie und verwandte Gebiete , (from 1939) und Vorderasiatische Archäologie (Leipzig … Berlin 1886 ff.); s. UAVA   88, 2] 9 sq., Oriental Institute Publications (Chicago 1924 ff.)   115, 322:18, SACT 1, 131:8, University of California Publications in Semitic Philology (Berkeley 1907 ff.); s. NESt.   9/2/I 4:4 et peut-être Ur Excavations. Texts (London 1928 ff.)   3, 864:15. Particulièrement frappant est u 4 (…) ba-a-ak dans Texts in the Iraq Museum (Baghdad/Wiesbaden 1964 ff.)   6, 10:5 sq., précédé de {u 4} (…) ba-dab5ba-a ba-dab5ba-a à la 1. 2! Dans ce cas toutefois, les faits sont un peu moins clairs, d’une part parce que la temporelle {i 3-na-ak} -ka (Kienast/Volk, Freiburger Altorientalische Studien (Freiburg 1975 ff.); Beih. = Beihefte  Altassyrische Texte und Untersuchungen (1984 ff.)  19, 102 Gir 26:13 [ép. d’Akkad]) plaide pour /ak(<)a/, de l’autre parce qu’une alternance comparable est attestée entre e-me-a (DP 169 v 5) et e-me-a-a (AWL 160 iv 4, dans un contexte identique)."
0.5.435-0.5.468,"2.2.3 ak = sˇa 5. Depuis l’édition par field numbers of tablets excavated at Warka   van Soldt de HMM 86–O6, un prisme de Tell Hammam et-Turkman qui «contains a bilingual version of lex. series; MSL 14, 17ff.; see Ea   and has the format of Proto-Aa» (Mél."
0.5.469-0.5.490,"Houwink ten Cate [1995] 279–286 et 289–291), il ne fait plus de doute que sˇa 5(ak) est un verbe significant «faire» (cf."
0.5.491-0.5.498,"Side tablets in the collections of the Oriental Institute, Univ. of Chicago   ii 16: sˇa ak = e-pe2-sˇum)."
0.5.499-0.6.16,Ouverte est en revanche la question de savoir si c’est une forme appartenant au pa10 pa10 Forme verbale conjuguée. 52 Pascal Attinger radigme de ak11 ou un synonyme partiel de ak (comp. l’allemand «tun» et «machen»).
0.6.17-0.6.79,"Avant de discuter la chose, il n’est peut-être pas inutile de rappeler les exemples connus. 1. UN B 52 sq.: (…) k ib ib a la sˇa-sˇa (D [Ni.]12) // ki-ib-la-asˇ !(-)sˇa ?-sˇ[a ?] (B [prov. inc.]13) // kib kib a la a a ak.ak (A) «(la masse) qui (fait sans cesse le pays =) se déchaîne déchaîne dans le pays en révolte»."
0.6.80-0.6.140,"2. UN B 67: u 4r 4r im im a p e e e m u -ni-ib-{sˇa} ?a ?a sˇ (B)14 // urim 2 k i-ma [p]a-e 3 m u n n i i i b -ak (A) // [ u r i] m 5 k i-ma pa-e 3 [ä]u-mu-ni-ib2ak [ä]u-mu-ni-ib2ak (D) «A Ur, il (le trône) a été rendu resplendissant»."
0.6.141-0.6.209,"3. SˇA 78: { u 4} [asˇ]-am 3 n i b r u k i u r i m 5 k i-ma esˇ 3-esˇ 3b 3b i äu m m u u u n -asˇ.asˇ? (YBC 16156; courtoisie P. Delnero) // ä u m m u ( u u n )-ak (× 4) //, «En un seul jour, je célébrai célébrai la fête esˇesˇ à Nippur et à Ur»."
0.6.210-0.6.269,"On peut se demander s’il n’y a pas là un jeu graphique/de graphique/de mots sur u 4 asˇa asˇa m 3 et esˇ 3-esˇ 3. En faveur d’une réelle variante plaide peut-être VV (Ni.) ä u m m u !-sara !-sara , qui pourrait s’expliquer par sar = sˇa 8 (Sa 203 S) ou sar = nisˇa x (ib. 205)."
0.6.270-0.6.334,"4. Cavigneaux/al-Rawi, Zeitschrift für Assyriologie und verwandte Gebiete , (from 1939) und Vorderasiatische Archäologie (Leipzig … Berlin 1886 ff.); s. UAVA   85, 21 Middle Assyrian   7 //: lu 2-lu 7 n i gˆ 2-ak im-me-eb-sˇa sˇa-ne sˇa-ne 2 (MA [Tell Haddad]) // im m m i-ib-sˇa-[…] (MB [Tell Haddad]) / / im -m i-inak.ak-[n i-inak.ak-[n ]e (C [prov. inc.]) // im m m i-in-ke 4-ke 4-n e (U [Ur]) «Ils font des manipulations manipulations (magiques) contre l’homme»; composition(s)   Yale Oriental Series, Babylonian Texts (New Haven 1915 ff.)   11, 70 iii 23 (coll."
0.6.335-0.6.446,"Cavigneaux/al-Rawi, op. cit. 32) l u 2lu 2lu 7 nigˆ 2 ak-ga im-mi-in-sˇa 4sˇa 4sˇa 4-me-esˇ 15. Pour les textes lexicaux, confer   lex. series; MSL 14, 17ff.; see Ea   526 sˇa(-a ) ak. – van Soldt, Mél. Houwink ten Cate 280 Side tablets in the collections of the Oriental Institute, Univ. of Chicago   ii 16 sˇa ak e-pe2-sˇum. – lex. series e-a || A = naqu; MSL 14, 171ff.   VIII 21 sˇa 2-a ak [äa-sa]-{su}. – lex. series a2 || A = naqu; MSL 14, 201ff.   VIII/1:49 sq. sˇa 2-a ak äa-sa-su, äu-su-su. – Materialien zum sumerischen Lexikon/Materials for the Sumerian Lexicon (Rom 1937 ff.); SS = Supplementary Series (1, 1986)   14, 484:8 (Assur Middle Assyrian   Excerpt) { sˇa}-a ak x-[…]. – recension   lex. series e-a || A = naqu; MSL 14, 171ff.   172 min (sˇa 2-a ) a[k? äasasu]. – Ant. E iii 19 aksˇa 2-sˇa 2.ak äu-up-pu-u2 sˇa2 gi. – lex. series; MSL 13, 7ff.; see Izi   II 225 I nam-mu ?-e-a asˇ // nam-{mu} ?-a ak (A); «asˇ» pourrait être un ak non terminé (comp."
0.6.447-0.6.449,"Cavigneaux, Nouvelles Assyriologiques Brèves et Utilitaires (Paris 1987 ff.); cf. Mémoires de NABU (1992 ff.), Cahiers de NABU (1990 ff.)   1998/75)."
0.6.450-0.6.467,"Quelques remarques s’imposent: – Un seul et même texte peut avoir sˇa-sˇa et ak (ex. 1–2, texte D)."
0.6.468-0.6.493,"– Au niveau phonétique, /sˇasˇ( a )/ v.s. est attesté tant à l’initiale (ex. 1)16 qu’après /b/ (ex. 2 et 4) et peut-être /n/ (ex. 3)."
0.6.494-0.6.576,"11 Une hypothèse avancée (avec prudence) par A. Cavigneaux, qui envisage une palatalisation palatalisation de /k/; confer   surtout ASJ 9 (1987) 49–51 et Nouvelles Assyriologiques Brèves et Utilitaires (Paris 1987 ff.); cf. Mémoires de NABU (1992 ff.), Cahiers de NABU (1990 ff.)   1998/75. 12 Texte datant peut-être d’Ur III; à la l. 67 (ex. 2), D a ak! 13 Cavigneaux (ASJ 9, 49) préfère lire ta ?sˇ[a ?sˇ[a ?]; le asˇ ! plaide toutefois en faveur d’un /sˇ/ initial. 14 Noter m u n n iib iib -{sˇa} ?-asˇ aux ll. 65 (// m u -n i-ib2du(sˇa i-ib2du(sˇa 4)) et 68."
0.6.577-0.6.614,"Dans ce cas, on a probabl. affaire au verbe sˇa 4(-asˇ) «amener(?)», attesté par ex, dans sˇu d u 3 sˇa 4( a a sˇ) (cf. P. Attinger, AfO 46/47 [1999/2000] 264 et Nouvelles Assyriologiques Brèves et Utilitaires (Paris 1987 ff.); cf. Mémoires de NABU (1992 ff.), Cahiers de NABU (1990 ff.)   2001/41 et n. 9)."
0.6.615-0.6.653,"Ici aussi, Cavigneaux (ASJ 9, 49 sq.) juge m u ni-ib-t ni-ib-t a ?a ?a sˇ épigr. préférable. 15 Dans Nungal 16 I, ak.ak(sˇa 5-sˇa 5)-d am est certainement secondaire; les autres dupl. ont sˇa sˇa- sˇa(× sˇa(× 5)."
0.6.654-0.7.26,"16 Mais noter le sandhi probable dans le texte B (cf. n. 13)! tablets in the collections of the Oriental Institute, Univ. of Chicago   propos de ak «faire» (I) 53 – Morphologiquement parlant, /sˇasˇ/ est une forme äamtu (ex. 2), /sˇasˇa / une forme marû (ex. 4 et peut-être 1)."
0.7.27-0.7.44,Cela semble plaider pour un verbe de la classe II (type gˆ ar/gˆ a 2gˆ 2gˆ a 2).
0.7.45-0.7.57,– asˇ.asˇ? (ex. 3) pourrait être un contre-ex. (mais noter -sar dans VV!).
0.7.58-0.7.129,"– Dans l’ex. 4, -sˇa-sˇa est // à -ke 4-ke 4. pe-e mu-ni-ib{sˇa} mu-ni-ib{sˇa} ?-asˇ (ex. 2) doit être, de son côté, rapproché de pa-e 3 ba-ni-a (Gud. Cylinder   tablets in the collections of the Oriental Institute, Univ. of Chicago   26:19 [3e sg. ä.]), ce qui assure pour les f. ä. conj. de pa-e 3 ak les lectures /sˇa sˇ/ et /a( k )/. – Dans les textes lex., sˇa 5 est rendu le plus souvent par äasasu G/D «couper, briser (roseaux)»."
0.7.130-0.7.258,"Cette traduction est toutefois également celle de (a-ka ak) = { äu-su2-sum} dans Materialien zum sumerischen Lexikon/Materials for the Sumerian Lexicon (Rom 1937 ff.); SS = Supplementary Series (1, 1986)   14, 120 n° 7 ii 25! Ces faits ne me semblent guère plaider pour une palatalisation de /k/ ou pour des formes en distribution complémentaire, et je juge provisoirement provisoirement plus plausible l’hypothèse de deux verbes partiellement synonymes. 3. Graphies (non-)standard et gloses de lecture de AK Le lecteur trouvera ci-dessous une discussion succincte des graphies standard et la liste des graphies non-standard de ak, classées selon les types types de conjugaison et les époques. 3.1 Dans les formes äamtu conjuguées non-impératives 3.1.1 En finale absolue Ecrit régulièrement ak = a 5. Noter les gr. non-standard suivantes: Ebla -a = {ak}: ba 4-a-da (BFE 64 n° 9 ii 5); mu-na-a (ib. 3); nu-a-da (ib. 8)."
0.7.259-0.7.278,"Comp. la valeur syllabique a 5 de ak à Abu Salabiä (M. Krebernik, Orbis Biblicus et Orientalis (Freiburg Sweitzerland 1973 ff.); Series archaeologica (1980 ff.)   160/3 [1998] 286 et n. 541)."
0.7.279-0.7.326,-n a = {n + ak}: mun-na (BFE 74 n° 10 iv 5 et peut-être 6) et m un x(bulug3)-n a n n a = {mu + na + n + ak} (ib. 64 n° 9 i 7; m u n n a a a en ii 3!).
0.7.327-0.7.342,"Epoque d’Akkad -na-AK = {n + ak}: b an an in in a (OSP 2, 75:17)."
0.7.343-0.7.357,"Gudea, Ur III litt. -a = {ak}: b a -n i -a (Cyl. tablets in the collections of the Oriental Institute, Univ. of Chicago   26:19)."
0.7.358-0.7.389,"-b a = {b + ak}: b an an ib ib a (Finkel, Cuneiform Monographs (Groningen 1992 ff.)   10, 79 = TMH 6, 6:14–18); ba-ra-ba (ib. 8 [incertain]); ib2-b a (Steinkeller, Mél. Wilcke 273 v 22´17)."
0.7.390-0.8.68,"17 Vu les trois attestations de ib2b ib2b a = {i + b + ak} dans les doc. écon. d’Ur III (cf. 3.1.1 Ur III écon./jur. sub voce   b b a = {b + ak}), les réticences de Steinkeller (p. 80) me semblent injustifiées. 54 Pascal Attinger -n a = /n/ + {ak}: b an an in in a (Finkel, Cuneiform Monographs (Groningen 1992 ff.)   10, 79 = TMH 6, 6:7 et 11–13; Sigrist, ASJ 12, 159 i 3 [cf. pp. 154 sq.]); [ äe 2]m 2]m i-n a (Ur-Namma 19:18 ex. 6 // äe 2-mi-ak); äe 2-n a (Ur-Namma 28:26 et 32 ex. 1); i 3-n a (Steinkeller, Mél. Wilcke 269 sqq. i 4 et passim)."
0.8.69-0.8.132,"Ur III écon./jur. -a = {AK}: NP im m m a-sˇia a-sˇia (CT 10, 31 v 5 [Lag., Sˇ 43], Harvard Semitic Series (Cambridge, Mass. 1912 ff.)   4, 7 i 20 [Lag., Sˇ 48] et Materiali per il vocabulario neosumerico (Rom 1974 ff.)   17, 55 i 22 [Lag., Assyriological Studies (Oriental Institute, Univ. of Chicago)   4]; composition(s)   i m -m a-sˇi-ak dans SNATBM 264 reverse; revised   12 [Lag., Assyriological Studies (Oriental Institute, Univ. of Chicago)   2] et NG 194:35´ [Lag., Assyriological Studies (Oriental Institute, Univ. of Chicago)   7]); b a-a (BCT 2, 3:12´ [Um., Sˇ 25])."
0.8.133-0.8.185,"-b a = {b + ak}18: i 3n 3n ab ab a (PBS 13, 34 [= Wilcke, AOAT 267, 638] 4 [Ni., s.d.]); ib2-b a (YNER 8 pl. V n° 3 [= Yale Oriental Series, Babylonian Texts (New Haven 1915 ff.)   18, 122] iv 4 [Um., Assyriological Studies (Oriental Institute, Univ. of Chicago)   4], D. l. Owen, Neo-Sumerian Archival Texts primarily from Nippur (Winona Lake 1982)   873:9 [Ni., IS 6], Owen/Wasilewska, Journal of Cuneiform Studies (New Haven . . . Baltimore 1947 ff.)   52, 17 n° 92:20 [Um., s.d.])."
0.8.186-0.8.296,"-ba = {b a + ak}: NP e 2-e-a-na-ba (Foxvog, ASJ 18, 49–51/77 sq. n° 10 i 3 [Um., Sˇ 46]19; composition(s)   e 2e 2e a a n n a b b a -ak dans Ur Excavations. Texts (London 1928 ff.)   3, 1118:3 [IS 7] et 1150:4 [IS 7]); NT m u ri-na-ba ri-na-ba (par ex. see CCTM   1, 25:24 [Dr., Assyriological Studies (Oriental Institute, Univ. of Chicago)   7] et StOr. 9/1, 32 n° 27:11 [Dr., IS 2]), la gr. de Drehem, correspondant à m u r r i-a-na-ba-ak à Ur. L’étymologie du nom n’est toutefois pas assurée (cf. A. R. George, Mesopotamian Civilizations (Winona Lake, Indiana)   5 [1993] 128 avec litt. ant.; D. O. Edzard, Reallexikon der Assyriologie und vorderasiatischen Archaologie   8 [1993–1997] 433; field numbers of tablets excavated at Warka   field numbers of tablets excavated at Warka   Hallo, BiOr. 56 [1999] 355)."
0.8.297-0.8.407,"-ba-a = {b + ak}: Attesté probabl. dans TMH Neue Folge   1/2, 291:9 (Ni., SˇS 2 iii 1) et D. l. Owen, Neo-Sumerian Archival Texts primarily from Nippur (Winona Lake 1982)   130:20 (Ni., SˇS 2 iv 22), deux textes très proches rédigés sous la responsabilité de l u ga lku; lku; structure: sˇu-nigˆ in 2 n gˆ urusˇ u 4 1-sˇe 3 g u r u m 2 ak a-sˇa 3 de n l l i l 2e 2e p p a 3d 3d a ( a a ) ( u 2 ib2zi ib2zi 2 u 3) al i 3/ib2-b a-a «Total n hommes pour un jour; inspection du champ E.; ils ont (arraché des (mauvaises) herbes et) travaillé à la houe (?)»."
0.8.408-0.8.494,"L’alternative serait d’analyser i 3/ i b2-b a-a en {i + b + ak + ’a}20, ce qui me semble toutefois moins bien s’intégrer dans le contexte et supposerait par ailleurs l’amuïssement de /k/ devant /< /, une évolution phonétique douteuse au vu tant des formes plus anciennes anciennes e d d a -ak-ka-am 6 (Ukg. 16 viii 3) et {i 3-na-ak}-k a (Kienast/Volk, Freiburger Altorientalische Studien (Freiburg 1975 ff.); Beih. = Beihefte  Altassyrische Texte und Untersuchungen (1984 ff.)  19, 102 Gir 26:13) que des gr. non-standard ou gloses pB -ak-ga , -ka-a et -na-ak-k a (v. infra 3.1.2.1 pB litt.)."
0.8.495-0.8.534,"Noter par ailleurs que le /k/ est préservé devant le gén. /a( k )/ (NP e 2-e-na-ba-ka dans NG 113:5, 19 et 49; v. aussi le NT m u -ri-a-na-ba-ak-ka-sˇe 3 [gén.21 + term.] dans Ur Excavations. Texts (London 1928 ff.)   3, 378:11 [IS 5])."
0.8.535-0.8.638,"Comp. infra -n a-a pour un problème analogue. analogue. Ceci dit, il est vrai que je ne puis justifier la graphie pleine -C a-a au lieu de -C a . -n a = /n/ + {ak}: b i 2in 2in n n a (TCS 1, 148 [= LEM 76 = Koslova, AOAT 274, 244/249] 14 et 20 [s.d.]); ä e 2n 2n a (TCS 1, 252:4 [s.d.] et Texts from Cuneiform Sources (New York 1966 ff.)   1, 279 [= Owen, Or. 40, 397] 9 [s.d.]); in n n a (CT 10, 44, 18962 reverse; revised   25 [Lag., Sˇ 43] et SNATBM 373:8 [Um., Assyriological Studies (Oriental Institute, Univ. of Chicago)   5]); confer   infra 5.530 zi-isˇ-da (…)-sˇe 3 (ak)."
0.8.639-0.8.785,"-na-a = {n + ak}: Attesté peut-être dans The Babylonian Expedition of the University of Pennsylvania (Philadelphia 1893 ff.)   3/1, 84 (Um., Sˇ 48): (iii 46) u 2 sig7-a / 13 {1/2} sa r {kigˆ 2 ka} / kugˆ -zi-da / 30 sar kigˆ 2 { ka} / mu kigˆ 2 i 7 ka / a-raaä-tu a-raaä-tu m m m a -{ ka}sˇe ka}sˇe 3 / äe 2til 2til 3 b a-n a-a (peu clair); ici aussi, on peut hésiter entre {b a + n + ak} et {ba + n + ak + <a}, avec amuïssement du /k/ devant / </. V. en général supra à propos de b b a a a . 18 Cf. Wilcke, AOAT 267 (1999) 627 et n. 118. 19 Pour le génitif e 2-e-na-ba-ka (NG 113:5, 19 et 49 [Lag., s.d.]), confer   infra 3.1.2.2 Ur III. 20 Ainsi Wilcke, AOAT 267, 127 n. 18: «(Männer-Arbeitstage, an denen) Hackarbeit verrichtet wurde»."
0.8.786-0.8.809,"Sallaberger me fait remarquer (communication privée): «Wäre *ib2+B+a in Ur III-Urkunden wahrscheinlich? Mir scheint, dass man alternativ formuliert: formuliert: entweder ib2-B v.s. oder B-a»."
0.8.810-0.8.817,21 Ou double génitif (alternative proposée par Sallaberger).
0.9.0-0.9.84,"tablets in the collections of the Oriental Institute, Univ. of Chicago   propos de ak «faire» (I) 55 pB litt. (-a): Dans FI D3 (prov. inc.) i 5, 28 (= l. 24) et 30 sq., -ak pourrait recouvrir -a (nominalisation) ou -am 3 (cf. surtout l. 24 t i l 3a 3a 5 // tu -lu -a ), dans TplHy. 317 Ur2, c’est une gr. du locative   -a. -a-[x] = {ak}: [b ] i-{e a}- a}[x a}[x ] (InEb. 171 LLL [Tell Haddad]; courtoisie A. Cavigneaux/M. Cavigneaux/M. Jaques) // b i 2A 2A Museum siglum of the British Museum in London (Kuyunjik)   (1re sg.)."
0.9.85-0.9.125,-b a = {b + ak}: ba-ba (SˇB 64 B et consonant   [Ni.] // b a a a b -ak [× 5 ?] //); u b b b a (SP 2.90 TT et PPP [Ni.] // u b -ak [× 3]).
0.9.126-0.9.145,-ba = {b a + ak}: sˇa-ba (SˇC D 39 [Ni.]; sˇa b b a -ak à la l. 42).
0.9.146-0.9.179,"i-a-ak, i-a-ak, -ja-ak = {ak} (précédé de -sˇi-) : [ä]e 2em-{ 2em-{ sˇi-i }-a-a[k] (Instr. Sˇur. 80/85 I7 [Ni.]); *äe 2-em-sˇij 2-em-sˇij a -ak (GiÄ tablets in the collections of the Oriental Institute, Univ. of Chicago   22 NiK22 et Instr. Sˇur. 270/263´/260 U2 [Ni.])."
0.9.180-0.9.252,"i i 3/ja 3 = {ak}: V. -ni = {ak}. -ja = {ak} (précédé de {e/j}, erg. 2e sg. ä.: k igˆ 2sˇu 2sˇu ( ){mu-ja} ){mu-ja} (Edubbâ 2:84 W [Kisˇ] // k igˆ 2sˇa 2sˇa 4 u 3-mu (e (e ) ak ak //); u 2-bi-ja (FI 33 A4 [Tell Haddad] // u 3b 3b i 2ak); 2ak); u 2me-re(-e 2me-re(-e )-ja (Cavigneaux/al-Rawi, Zeitschrift für Assyriologie und verwandte Gebiete , (from 1939) und Vorderasiatische Archäologie (Leipzig … Berlin 1886 ff.); s. UAVA   83, 181 Middle Assyrian   58 et 60 [Tell Haddad])."
0.9.253-0.9.328,"-n a = {n + ak}: b in in a (Cavigneaux/al-Rawi, Zeitschrift für Assyriologie und verwandte Gebiete , (from 1939) und Vorderasiatische Archäologie (Leipzig … Berlin 1886 ff.); s. UAVA   85, 21 Middle Assyrian   8 sq. et Middle Babylonian   8/9 et 10/11 [Tell Haddad] // b i 2-in -ak); b i 2n 2n a (TMH Neue Folge   3, 26 reverse; revised   9´); ä u -m u -n a (Cavigneaux, ASJ 9, 59 reverse; revised   14–19 [Kisˇ]; confer   p. 55); i 3n 3n a (SKL, texte Su1 [Suse] passim; confer   Th. Jacobsen, Jacobsen, Assyriological Studies (Oriental Institute, Univ. of Chicago)   11 [1939] 34 et n. 71)."
0.9.329-0.9.363,"Noter aussi la glose n a à b a ni-in-ak ni-in-ak (Kramer, AnSt. 30, 7 sq. = Cuneiform Texts from Babylonian Tablets in the British Museum (London 1896 ff.)   58, 42:79) et à m u u u n -ak (Thureau-Dangin, Revue d'Assyriologie et d'Archéologie Orientale (Paris 1886 ff.)   19, 184 sq. reverse; revised   24)."
0.9.364-0.9.444,"-ni = {ak} (précédé ou suivi de /i/): ä e 2e 2e m m m a n n ii ii nni(ni/i3) nni(ni/i3) (LU 156 W1 [Ur] // äe 2-em<<im>>-ma-{ni-in}-ak [W, Ur] // äe 2e 2e m ma-ak ma-ak [x 2] //); n a-m a-raab- abi abi 3/ja 3-g in 7 (InEb. 32 B [Ur]) // n am am a r r a a a b -ak-g in 7 //; composition(s)   infra ja 3 = {ak + < a} (3.3.2.1 ppB lex.)."
0.9.445-0.9.479,"-n u = {n + ak}: p a 3e 3e sˇim sˇim in in u (VS 2, 4 reverse; revised   ii 24 [«Nanna N»]) // sˇi-im-mii sˇi-im-mii n-ak (Nanna Museum sigla  Antiquités (orientales), Musée du Cinquantenaire  30; confer   P. Attinger, Nouvelles Assyriologiques Brèves et Utilitaires (Paris 1987 ff.); cf. Mémoires de NABU (1992 ff.), Cahiers de NABU (1990 ff.)   2001/41)."
0.9.480-0.9.531,"-p a = {b + ak}: ap p p a (InEb. 112–115 LLL [Tell Haddad; courtoisie A. Cavigneaux/M. Cavigneaux/M. Jaques]) // ab -ak. pB lexical (texts)   a = {ak}: lex. series; MSL 14, 17ff.; see Ea   524; van Soldt, Mél. Houwink ten Cate 280, Side tablets in the collections of the Oriental Institute, Univ. of Chicago   ii 14 (= e-pe2-sˇum); Materialien zum sumerischen Lexikon/Materials for the Sumerian Lexicon (Rom 1937 ff.); SS = Supplementary Series (1, 1986)   14, 120 n° 7 ii 21 (= sˇa-ka-nu-um)."
0.9.532-0.9.567,"( a-k a ): V. infra 3.3.2.1 pB lexical (texts)   à propos de {ak + a}. n a = {n + ak}: lex. series; MSL 14, 17ff.; see Ea   525; van Soldt, Mél. Houwink ten Cate 280, Side tablets in the collections of the Oriental Institute, Univ. of Chicago   ii 15 (= e-pe2-sˇum)."
0.9.568-0.9.579,"ppB litt. […-j]a-ka // inak: inak: Alster, Orientalia Lovaniensia periodica (Leuven 1970 ff.)   21, 16, 4:9 E(mar)."
0.9.580-0.9.620,"(n a ): Cf. -ak = -n a 3 dans d igˆ ira ira n n a 3 (Incantation à Utu 135 consonant   + E [cassite]) // [digˆ ir]-ra-n a . ppB lexical (texts)   a = {ak}: lex. series e-a || A = naqu; MSL 14, 171ff.   VIII 23 (= {e-pe}-sˇum)."
0.9.621-0.9.634,( a-) ak = {ak}: SbB 291 (= e-pe-[sˇu] // ak-ku!-u2 [nom du signe]).
0.9.635-0.9.650,"a-[x] = {ak}: lex. series e-a || A = naqu; MSL 14, 171ff.   VIII 25 (= MIN ({e-pe}-sˇum)); probabl. a-[ak], pas a-[ka]; composition(s)   SbB 291)."
0.9.651-0.10.28,"22 Prov. inc. (pas de Nippur!); confer   M. Civil, Mél. Wilcke 77 n. 3. 56 Pascal Attinger agˆ 2 = {ak} (ES): Nabnitu VII 125 (= 5 (e-pe-sˇu) EME.SAL) et 126 (= 6 sˇa up-pu-sˇi)23. ak = {ak}: lex. series a2 || A = naqu; MSL 14, 201ff.   VIII/1:54 (= MIN (e-pe-sˇu))."
0.10.29-0.10.52,"na-a = {n + ak}: lex. series e-a || A = naqu; MSL 14, 171ff.   VIII 22 (= [na-bu]-u2 ), lex. series a2 || A = naqu; MSL 14, 201ff.   VIII/1:51 sq. (= na-bu-u, e-pe-sˇu) et recension   lex. series e-a || A = naqu; MSL 14, 171ff.   B 14 (= na-[bu-u2])."
0.10.53-0.10.194,"3.1.2 Suivies d’un suffixe 3.1.2.1 Suivies de { <a}, {<a m }, { <a + <a(loc.)}, {<a + <am} Epoque présarg. Attestés sont b e 2-ak-a-a (DP 251 ii 5), e-da-ak-ka-am 6 (Ukg. 16 viii 3) et e/m u ak-a ak-a = {i/mu + n + ak + <a + <a}(?); confer   supra 2.2.2 pour les difficultés soulevées par ces formes. Epoque sarg. La seule forme notable est la temporelle {i 3-na-ak}-k a dans Kienast/Volk, Freiburger Altorientalische Studien (Freiburg 1975 ff.); Beih. = Beihefte  Altassyrische Texte und Untersuchungen (1984 ff.)  19, 102 Gir 26:13; confer   supra 2.2.2. Ur III écon./jur. Pour les temporelles ( u 4) (…)-ak-a = {(…) ak + <a + <a}(?), confer   supra 2.2.2. Noter la gr. non-standard suivante: -na-aka -na-aka = {n + ak + <a + <a}(?): b a-n a-aka a-aka (UET 3, 864:15´); i n n n a -ak-a (Amorites 15:6 [Dr., Sˇ 48] et Materiali per il vocabulario neosumerico (Rom 1974 ff.)   11, 144:17 [Dr., s.d.])."
0.10.195-0.10.232,"pB litt. Usuel est -aka(…)/am -aka(…)/am 3 24. Je ne connais que trois gr. non-standard, qui plaident respectivement respectivement pour /ag/, /k/ et /ak/! -ak-ga = {ak + <a}: Glose {x}(-)ak-g a à in-ak-a dans Ammisaduqa 1:17 (Ni.)."
0.10.233-0.10.280,"-ka-a = {ak + <a}: b i 2in 2in -{ ka-a} -b [a] (LSU 72 PP [prov. inc.]) // b i 2-in-aka-bi 2-in-aka-bi . -n a -ak-ka = {n + ak + <a}: m u r r a -na-ak-k a (Cavigneaux/al-Rawi, Zeitschrift für Assyriologie und verwandte Gebiete , (from 1939) und Vorderasiatische Archäologie (Leipzig … Berlin 1886 ff.); s. UAVA   92, 32 iv 13 [Tell Haddad])."
0.10.281-0.10.331,"3.1.2.2 Suivies du génitif Ur III -ba-ka = {ba + ak + ak}: NP e 2-e-na-ba-ka (NG 113:5, 19 et 49 [Lag., s.d.]); composition(s)   le NT m u r r ia ia n n a b b a -ak-ka-sˇe 3 (gén. (+ gén.) + term.) dans Ur Excavations. Texts (London 1928 ff.)   3, 378:11 (IS 5)."
0.10.332-0.10.370,Cf. supra 3.1.1 Ur III écon./jur. sub voce   -b a = {b a + AK}. 3.1.2.3 Suivies de esˇ/e esˇ/e sˇ 2( a a ) Ecrit normalement -ak-esˇ/esˇ 2( ( ( sˇ)a ) (e.g. bi 2-in-ak-esˇ 2 dans NG 113:24).
0.10.371-0.10.391,"Les gr. non-standard sont rares et plaident pour /ag / (pB, ppB), /a k/25 (pB, ppB) et /k/ (Ur III, pB)."
0.10.392-0.10.447,"23 Cf. M. Schretter, Emesal-Studien 145 et A. R. George, Orientalia Lovaniensia analecta (Leuven 1975 ff.)   40 (1992) 388; j’ai mes doutes quant à la correction de cette équation, mais remarquer que dans LU 156, Museum siglum of the Archaeological Museum, Istanbul (Nippur)   4296 (ISET 3, 131) a apparemment «m e ä e 2-em-[ma]-na-agˆ 2» au lieu de ä e 2e 2e m m m a -ak //."
0.10.448-0.10.504,24 Noter toutefois m a n n i-ak-ke 4e 4e sˇ 2 (SˇY 8) = {m u + a + n i + ak + <a + a k + esˇ(adv.)}; ak recouvre ici /a k a/ (comp. m a n n i de2- de2a de2a k k e 4e 4e sˇ 2 à la l. précédente).
0.10.505-0.11.33,"25 J’ai adopté dans ces lignes la lecture ke 4 (pas g e 2) de kid, laquelle n’est toutefois pas assurée; confer   provisoirement ELS 259, mais remarquer que la gr. non-standard -ke1 est tablets in the collections of the Oriental Institute, Univ. of Chicago   propos de ak «faire» (I) 57 Ur III -ke 4e 4e sˇsˇa-a sˇsˇa-a = {ak + esˇ + <a + <a( lo c .)}: in-ke 4-esˇ-sˇa -a (PDT 1, 528:19 [Dr., SˇS 6])."
0.11.34-0.11.48,pB litt. -ak-ge-esˇ = {ak + esˇ}: i 3-ak-ge-esˇ (Ningˆesˇzida aux Enfers 48 sq. E).
0.11.49-0.11.103,-ke 4e 4e sˇ = {ak + esˇ}: {m u} -na-ke 4-esˇ (Lugalb. I 108 G [Ni.] // m u -n a-ak-esˇ //); mu-un-ke 4e 4e sˇ (Enl. sudr. 142 KKK // im m m a ( a a n ) ak- ake ake sˇ (A1 et P]); sˇi-ma-anke sˇi-ma-anke 4-esˇ (Isˇme-Dagan WA 96 [Ur]).
0.11.104-0.11.211,"Epigr. peu clair est libi libi 2-ke 4{x} 4{x} dans Dial. 2:195 tablets in the collections of the Oriental Institute, Univ. of Chicago   (Ni.) // [li-b ]i 2-in -ak-esˇ. n n a-ake a-ake sˇ = {n + ak + esˇ}: m u [ [ u ] n n n a -ak-esˇ (U-ezinan 53 B [Ur]) // m u -u n ak-esˇ. ak-esˇ. (-)n a-ke 4-en-esˇ = /n/ + {i + n + ak + esˇ}: u rgin rgin 7(-)na-ke 4-en-esˇ (GiÄ tablets in the collections of the Oriental Institute, Univ. of Chicago   187 KiA [Kisˇ]) // u r-g in 7 i 3-ak-en-ze 2en 2en ; la forme semble corrompue. ppB litt. -ak-ge-esˇ = {ak + esˇ}: m u n n i i i n -ak-ge-esˇ (CT 17, 31:18)."
0.11.212-0.11.302,"3.2 Dans les formes äamtu conjuguées impératives Dans les formes suivies de {a}, les gr. non-standard pB plaident pour /k/ (Nippur) et /ak/ (Suse, prov. inc.), dans les formes suivies de {n i} pour /a/ (Ur); confer   aussi supra 2.2.1 et n. 6 et 7. pB litt. a-ni = {ak + n i}26: [ gˆ esˇt] esˇt] u 9gˆ esˇtu(-)ga-a-ni (U-ezinan 162 G1 [Ur]) // gˆ esˇt esˇt u 9gˆ esˇt u a-[…] (O2 [Isin]) // […] a-[x] (L [Ni.]) // gˆ esˇt esˇt u 9gˆ esˇtu ak-n i (G [Ni.])."
0.11.303-0.11.383,"Que trois dupl. aient une gr. non-standard est surprenant, mais le passage ne me semble pas souffrir d’autre d’autre interprétation. ak // ak-a : FI 37 E et F (Ni.)(?)27, LU 383–384a J’ (Ni.) et V’ (Ur) // ak-a (A [prov. inc.]) et B [Ni.]); notable est aussi EnlSud 97 sq. L, qui a k a à la l. 97, mais ak à la l. suivante suivante (// ak-a dans S1 [Suse])28. Ici, ak recouvre certainement /a k a/ (cf. 2.2.2)."
0.11.384-0.11.407,"ak-ga-ab = {ak + a + b}: [b ]ar !ta !ta m ak-ga-ab = be 2-er (Foxvog, Mél. Sjöberg 168 i 17 [prov. inc.])."
0.11.408-0.11.433,"ak-ka-a = {ak + a}: P. Michalowski, The Royal Correspondence of Ur (diss., Yale Univ.)   15:13 (Suse, texte syll.) = dim2-usˇ. ak-ka-a-a = {ak + a}(?): P. Michalowski, The Royal Correspondence of Ur (diss., Yale Univ.)   10:17 (Suse) = e-pe-sˇa 3 (impér. 2e pl.!)."
0.11.434-0.11.470,ka = {ak + a}: EnlSud 97 Tablet siglum of texts in the Archeological Museum in Istanbul (Lagash/Girsu)   (Ni.) // ak-a (S1 [Suse]); v. supra à propos de ak // ak-a . k[a]-ab = {ak + a + b}: FI 6 consonant   (Ni.) // akab akab //.
0.11.471-0.11.505,(-)n ag-ab = /n/ + {ak + a + b}: a n n n u -un(-)n ag-ab (FI 6 A3; nag clair sur la photo) // e n -n u -ugˆ 3 akab akab //.
0.11.506-0.11.525,"moins rare que je ne le croyais, et même déjà attestée à Ur III (MVN 16, 657:2 [Um., IS 2])."
0.11.526-0.11.617,"26 Pour la lecture B-n i (pas Bi Bi 3), confer   ELS 299; ajouter en -e // e3-n i (Samsuiluna tablets in the collections of the Oriental Institute, Univ. of Chicago   38) et sˇu b -n e (FI 43 sq. A4 [Tell Hadad]) // sˇu b n n i . 27 Dans a -sˇa 3 k i gˆ 2zu 2zu ak (// a-sˇa 3 kigˆ 2-za [A3, prov. inc.] //) n a-an-na-abb a-an-na-abb e 2(-en ); le passage est toutefois d’interprétation délicate, raison pour laquelle je n’inclus pas -z a parmi les gr. non-standard de l’impératif (= {zu + ak + a}!?)."
0.11.618-0.12.169,"28 Dans Äammurapi tablets in the collections of the Oriental Institute, Univ. of Chicago   segment consonant   14´ sq., ak est probabl. aussi un impératif, mais le contexte est cassé. 58 Pascal Attinger 3.3 Dans les formes äamtu non conjuguées Les formes non conjuguées de ak posent des problèmes particulièrement épineux, parce que le graphème ak peut recouvrir: 1) {ak + Ø} = /a( k )(?)/; 2) {ak + <a} réalisé probabl. /ak<a/ v.s.; 3) {ak + e d } = k e 3-d . Il s’ensuit que nos interprétations dépendent essentiellement du contexte, et que le risque de s’enfermer dans un cercle vicieux n’est pas moindre. Pour ne prendre qu’un exemple: Dans le topos fréquent pronom pers.-g in 7 ak (A/III 76, a k 7), ak est la forme de loin la mieux attestée (Dial. 3:182 [au moins × 1, Ur], Edubbâ 2:84 [× 4, Ni., Ur, Kisˇ, prov. inc.], 131 [× 1, Ur], 158 [× 2, Ni.], GiÄ tablets in the collections of the Oriental Institute, Univ. of Chicago   51 ± // 53 [× 6: × 5 Ni., × 1 Ur], Ninsˇatapada-Rim-Sîn 33 [× 2, prov. inc.]; je ne connais qu’un seul ex. de aka aka (SP 1.149 consonant   [Ni.]) et de ak-e (Edubbâ 2:158 UU [prov. inc.])."
0.12.170-0.12.199,"Il serait en conséquence tentant de traduire non pas «qui est fait comme moi (/…)», mais «qui agit comme moi (/…)» (ainsi par ex. K. Volk, Saeculum 47 [1996] 201)."
0.12.200-0.12.229,"tablets in the collections of the Oriental Institute, Univ. of Chicago   en juger toutefois d’après les gr. non-standard, ak est probabl. une orthographe archaïque de ak-a , conservée conservée dans une expression qui devait être fréquente déjà avant l’ép. pB29."
0.12.230-0.12.261,"Noter surtout a-ka (GiÄ tablets in the collections of the Oriental Institute, Univ. of Chicago   53 SiD [Sippar]), gin gin 7(-)na-ka (Edubbâ 2:158 E [Ni.] et GiÄ tablets in the collections of the Oriental Institute, Univ. of Chicago   51 SiD [Sippar]) et gin 7(-)na-ke 4 (Edubbâ 2:84 Tablet siglum of texts in the Archeological Museum in Istanbul (Lagash/Girsu)   [prov. inc.] et Ur230)."
0.12.262-0.12.275,Des problèmes comparables comparables sont soulevés par u m u m ak (v. 3.3.1).
0.12.276-0.12.316,"3.3.1 {ak + Ø}, {ak + ak + Ø} {ak + Ø} et {ak + <a} ne commençant à être distingués graphiquement qu’à partir du milieu du règne de Sˇulgi (cf. 2.2.2), je limite ma discussion à l’ép. pB (textes litt.)."
0.12.317-0.12.349,"ak recouvre le plus souvent {B(ä.) + Ø} (type dub-s ar ) ou {B(m.) + e d } ( ke 3-d ), ces deux formes étant souvent difficiles à distinguer dans la pratique."
0.12.350-0.12.366,"Beaucoup plus rarement, rarement, il correspond à {ak + <a} (cf. 2.2.2 avec n. 9 et 3.3)."
0.12.367-0.12.405,"Je ne connais qu’une éventuelle éventuelle gr. non-standard: (-)m ak ak a = /m/ + {ak + Ø} ou /m/ + {ak + <a}: umum(-)ma-ka (Enlilbani tablets in the collections of the Oriental Institute, Univ. of Chicago   178 E [Isin]) // [ u m u ] m ak (A)."
0.12.406-0.12.419,Que {ak + Ø} soit réalisé / a k a / serait très surprenant.
0.12.420-0.12.445,"Ici aussi, je penche pour ak = {ak + <a}31. 3.3.2 {ak + < a}, {ak + ak + < a} V. en général supra 2.2.2."
0.12.446-0.12.513,"Noter les graphies non-standard suivantes: 3.3.2.1 {ak + < a} Ur III ak-ga = {ak + <a}: TMH Neue Folge   1/2, 286:7 (Ni., s.d.; confer   M. Civil, Journal of Cuneiform Studies (New Haven . . . Baltimore 1947 ff.)   32 [1980] 229) et Ur Excavations. Texts (London 1928 ff.)   3, 350:3 (SˇS 7; collated, collation   field numbers of tablets excavated at Warka   Sallaberger); pas rare à Isˇan Mizyad (cf. les exemples cités par M. Hilgert, Heidelberger Studien zum Alten Orient (vol. 1 [= Fs. A. Falkenstein] Wiesbaden 1967, vol.2 ff. Heidelberg 1988 ff.)   9 [2004] 75); Grégoire, J.-P., Archives Administratives et Inscriptions Cunéiformes  Ashmolean Museum, Bodleian Collection, Oxford (Librairie Orientaliste Paul Geuthner 1996)  I/3 pl. 192, tablets in the collections of the Oriental Institute, Univ. of Chicago   37 l. tr. iv 1 (Um. Sˇ 35)."
0.12.514-0.12.544,"29 Pour un phénomène comparable, confer   la construction archaïque de sˇu ti («approcher qqc. de la main») dans le topos a igi-na (v.s.) sˇu ti (P. Attinger, Zeitschrift für Assyriologie und verwandte Gebiete , (from 1939) und Vorderasiatische Archäologie (Leipzig … Berlin 1886 ff.); s. UAVA   85 [1995] 137)."
0.12.545-0.12.574,"30 Suivi de k igˆ 2sˇa 2sˇa 4; vu u 3m 3m u e e -ak/[ak] dans Tablet siglum of texts in the Archeological Museum in Istanbul (Lagash/Girsu)   et Ur2, une réinterprétation par l’agentif ({ak + e}) semble peu vraisemblable."
0.12.575-0.12.617,"Envisageable serait en revanche une gr. non-standard de k e 3d 3d . 31 En contexte, u m u m ak (A/III 107 sq.) est souvent ambigu, pouvant signifier tant «qui instruit» que «qui a été instruit», «qui se comporte en homme cultivé»."
0.13.0-0.13.36,"tablets in the collections of the Oriental Institute, Univ. of Chicago   propos de ak «faire» (I) 59 Ak-ka = {ak + < a}: Materiali per il vocabulario neosumerico (Rom 1974 ff.)   21, 270:3 (Um., Sˇ 21), UTAMI 3, 1624:2 (Um., Assyriological Studies (Oriental Institute, Univ. of Chicago)   8), Materiali per il vocabulario neosumerico (Rom 1974 ff.)   21, 81:3 (Um., SˇS 3) et peut-être Ur Excavations. Texts (London 1928 ff.)   3, 717:2 (s.d.)."
0.13.37-0.13.65,"ga = {ak + < a}: Zettler, Berliner Beiträge zum Vorderer Orient (Berlin 1982 ff.)   11, 294, 6 NT 618 reverse; revised   13 (Ni., SˇS 7); confer   M. SuchGutiérrez, SuchGutiérrez, Münchener vorderasiatische Studien (Munich/ Vienna 1977 ff.)   9/I (2003) 155 et n. 631."
0.13.66-0.13.98,"Peu claire est la structure de p ara10(-)ga (dans i 3gˆ 3gˆ esˇ R) au lieu du plus fréquent p ara10 ak à Ur III (cf. H. Waetzoldt, Bulletin on Sumerian Agriculture (Cambridge, England, 1984 ff.)   2 [1985] 84 sq.)."
0.13.99-0.13.137,"C’est soit un génitif de p a ra10g ra10g «toile grossière» (ainsi probabl. à l’ép. pB [vu la régularité régularité de -g a], peut-être suite à une réinterprétation fautive), soit une graphie non-standard non-standard de p a ra10 ak."
0.13.138-0.13.156,Comp. aussi n a m gu gu 2-ka/ga à l’ép. pB (v. infra 5.304 n am -gu 2 ak).
0.13.157-0.13.215,"ka-asˇ = {ak + < a + sˇe}(?): Zettler, Berliner Beiträge zum Vorderer Orient (Berlin 1982 ff.)   11, 295, 6 NT 634:1 (Ni., SˇS 4); composition(s)   aka aka sˇ dans NG 121:9. pB litt. a-ka = {ak + <a}: GiÄ tablets in the collections of the Oriental Institute, Univ. of Chicago   53 SiD (Sippar) // ak // (v. supra 3.3); Cavigneaux/al-Rawi, Zeitschrift für Assyriologie und verwandte Gebiete , (from 1939) und Vorderasiatische Archäologie (Leipzig … Berlin 1886 ff.); s. UAVA   85, 21 Middle Assyrian   9 (// ak(a ak(a )) et 171 Middle Assyrian   26 (Tell Haddad)."
0.13.216-0.13.247,"ak-ga = {ak + <a}: Yale Oriental Series, Babylonian Texts (New Haven 1915 ff.)   11, 70 iii 23 sq. (coll. Cavigneaux/al-Rawi, Zeitschrift für Assyriologie und verwandte Gebiete , (from 1939) und Vorderasiatische Archäologie (Leipzig … Berlin 1886 ff.); s. UAVA   85, 32); confer   inversément inversément ak-g = (?) agˆ 2 (5.23 a 2 «ak» ( ag ) (E))."
0.13.248-0.13.344,"ak-ka-a = {ak + < a}: n igˆ 2 akka akka a a gin gin 7 (Cavigneaux/al-Rawi, Zeitschrift für Assyriologie und verwandte Gebiete , (from 1939) und Vorderasiatische Archäologie (Leipzig … Berlin 1886 ff.); s. UAVA   85, 185 Middle Assyrian   11 [Tell Haddad]) // n i gˆ 2 aka aka gin gin 7. (-)gˆ a 2-k a = /gˆ/ + {ak + < a }: n i gˆ 2( ) ) gˆ a 2k 2k a (Cavigneaux/al-Rawi, Zeitschrift für Assyriologie und verwandte Gebiete , (from 1939) und Vorderasiatische Archäologie (Leipzig … Berlin 1886 ff.); s. UAVA   92, 26 i 20 et 32 iv 13 [Tell Haddad]); n i gˆ 2( ) ) gˆ a 2k 2k an an e (id., Zeitschrift für Assyriologie und verwandte Gebiete , (from 1939) und Vorderasiatische Archäologie (Leipzig … Berlin 1886 ff.); s. UAVA   85, 25 Middle Assyrian   39 [Tell Haddaf] // n igˆ 2 a[k]-a-n i )."
0.13.345-0.13.407,"ka = {ak + <a}: DuDr. 194 J’ (prov. inc.) dans n igˆ 2-mussa xs a 2 ka-me-en // aka-me-en aka-me-en (probabl. × 2) // akm akm e -{en} (z); Emesˇ-enten 192 dans (enim äa-ab-lum ) ka32 // enim äa-ab -lu m ak33; Cohen, Ersˇemma 123 n° 163:24 consonant   (prov. inc.) // ak-a ; Lugalb. II 144 DD (Ni.) // ak (contexte obscur)."
0.13.408-0.13.437,"Comp. inversément -ak = /k a/ dans gˆ a 2{gˆ 2{gˆ esˇ} ! ?sˇu ?sˇu 2-a-ak (Lipit-Esˇtar tablets in the collections of the Oriental Institute, Univ. of Chicago   28 B [prov. inc.]) // gˆ a 2-gˆ esˇsˇu esˇsˇu 2-a-ka //."
0.13.438-0.13.475,"ka-an-ni = {ak + <a + a n i}: Dans n igˆ 2äu 2äu !-lu di-ma {ka-an-ni} = nigˆ 2-ä u l u d i m 2m 2m a ak-a-ni (Cavigneaux/al-Rawi, Zeitschrift für Assyriologie und verwandte Gebiete , (from 1939) und Vorderasiatische Archäologie (Leipzig … Berlin 1886 ff.); s. UAVA   92, 30 iii 1134 [Tell Haddad])."
0.13.476-0.13.595,"(-)n a-ak = /n/ + {ak + < a }: gin gin 7( ) ) n a -ak = gin gin 7 ak (Edubbâ 2:131 Ur4); confer   supra supra 3.3. (-)n a k k a = /n/ + {ak + < a}: -gin 7(-)na-ka = gin 7 ak (Edubbâ 2:158 E [Ni.] et GiÄ tablets in the collections of the Oriental Institute, Univ. of Chicago   51 SiD [Sippar]); confer   supra 3.3. (-)n a-ke 4 = /n/ + {ak + < a}(?): Cf. 3.3 et n. 30. pB lexical (texts)   a-ka = {ak + <a}: lex. series; MSL 14, 17ff.; see Ea   528 et Materialien zum sumerischen Lexikon/Materials for the Sumerian Lexicon (Rom 1937 ff.); SS = Supplementary Series (1, 1986)   14, 120 n° 7 ii 22–25 = pataqum, kanasˇum, zaqapum zaqapum et äussusum ppB litt. (-)k a = (/gˆ/) + {ak (+ < a )}: sˇi-{ iq} -qa-a-ri(-)ka (Cooper, Zeitschrift für Assyriologie und verwandte Gebiete , (from 1939) und Vorderasiatische Archäologie (Leipzig … Berlin 1886 ff.); s. UAVA   62, 72:16 ST)."
0.13.596-0.13.649,"J’ignore si (-)k a recouvre {ak + <a}, /gˆ/ + {ak}, ou même /gˆ/ + {ak + <a} (/garikka/); vu l’absence de gémination, cette dernière possibilité est la moins vraisemblable. 32 Variante citée par le The Sumerian Dictionary of the University Museum of the University of Pennsylvania (Philadelphia 1984 ff.)   A/III 88, 8.105; on peut hésiter entre d u11 et k a (à mon sens le plus probable)."
0.13.650-0.14.60,"33 Précédé de sa-a et suivi de du11ga du11ga , ce qui plaide pour ak = {ak + < a}. 34 {ka-an -n i} a peut-être été raturé. 60 Pascal Attinger ppB lexical (texts)   ja 3 = {ak + < a}: gˆesˇzu 2 pesˇ ni gˆ esˇnimbarx (Ää. III 372 S1 [néobab.]) // gˆ esˇzu 2 pesˇ 5 aka aka gˆ esˇnimbarx. 3.3.2.2 {ak + ak + < a} pB litt. ak-ka-ka = {ak + ak + <a} : ak-ka-ka-bi = ak.ak-a-bi (Cavigneaux/al-Rawi, Zeitschrift für Assyriologie und verwandte Gebiete , (from 1939) und Vorderasiatische Archäologie (Leipzig … Berlin 1886 ff.); s. UAVA   92, 30 iii 14 [Tell Haddad])."
0.14.61-0.14.236,"3.4 Dans les formes marû conjuguées tablets in the collections of the Oriental Institute, Univ. of Chicago   la 3e sg., graphie standard et non-standard plaident pour a 5-k ou ak , l’apérèse du /a/ initial étant assez exceptionnelle. tablets in the collections of the Oriental Institute, Univ. of Chicago   la 3e pl. en revanche, /k/ (-ke 3-n e ) semble assuré; assuré; la même chose vaut peut-être pour les 1res et 2es sg. (et pl.?) après voyelle et partiellement partiellement après consonne (cf. a r r a 2 ib2-ak-n a-b i «sa voie que je dois faire» = «comment je dois procéder» [TMH 6, 4:8 et 12 et 15:17; Ur III] et infra 3.4.1 pB litt. sub voce   -m u -ke 4 = {m u + ak + e n}, a-na ib2ak- akn akn ab ab i «ce que je dois faire» [Römer, AOAT 240, 420:8], a-gin 7( ) ) n a m -a kn kn ab ab i «comment je dois procéder» [YOS 11, 40:10], n igˆ 2 a b ak.ak-na-zu ak.ak-na-zu «ce que tu fais» [SP 1.37]), mais des formes avec /a/ initial sont loin d’être rares (avant tout à l’ép. ppB, toujours après consonne)."
0.14.237-0.14.281,"3.4.1 1re et 2e sg. et pl. marû tablets in the collections of the Oriental Institute, Univ. of Chicago   Ur III suivi de {<a} écrit -akn -akn a(v. a(v. supra 3.4), ensuite -ak-en(-de 3-en/ ze ze 2-en ), et, suivi de {<a}, ak(.ak)n ak(.ak)n a (v. (v. supra 3.4) ou -ak-en -n a(-) (par ex."
0.14.282-0.14.286,"M.J. Geller, Forerunners to Udug-hul (= FAOS 12)   192, 717 et 822)."
0.14.287-0.14.320,Noter les gr. non-standard suivantes: pB litt. -ba-ke 4 = {b + ak + e n} (1re sg.): mu-na-ab-ba-k[e 4] (U-ezinan O1 [Ni.]) // m u n n a a b -ake -ake //.
0.14.321-0.14.359,-kigˆ 2ne 2ne // -ak.ne (1re sg.): {i 3kigˆ 3kigˆ 2ne} 2ne} (GiTa. 132 Ma [Tell Haddad]) // i 3ak.ne 3ak.ne (Mb); peu clair. -mu-ke 4 = {m u + ak + e n} (2e sg.): nam-mu-ke 4 (Instr.
0.14.360-0.14.394,Sˇur. 61/66 K1 [Kisˇ]) // n a m m m u -ak-{en} (Ur 3) // n am mu.e.ak- mu.e.ake mu.e.ake n (P [prov. inc.]) // [… m ] u g g u 7-me-en (Ur1) //.
0.14.395-0.14.481,"mu.e étant certainement prononcé /me/, cette gr. plaide également pour /nammeken/ /nammeken/ v.s.; [… m ]u gu gu 7-me-en est singulier (et fautif!), mais -g u 7doit 7doit remonter à /ke/. -mu.e.ak-en = {m u + ak + en}: Cf. sub voce   -m u -ke 4. -m u gu gu 7-me-en : Cf. sub voce   -mu-ke 4. ppB litt. -b a -aka -aka = {b + ak + e n } (2e sg.): ib2-ba-aka ib2-ba-aka (Misˇ Pî 6/8:25 tablets in the collections of the Oriental Institute, Univ. of Chicago   et D) // ib2-baak-a-en ib2-baak-a-en (C) // [i]b2-ba-ke 4 (B)."
0.14.482-0.14.547,"-b a -ak-a-en = {b + ak + en }: Cf. sub voce   -b a-ak-a . -ba-ke 4 = {b + ak + e n}: Cf. sub voce   b b a -ak-a . -n a a a k 35-ke1 = {n + ak + en} (2e sg.): mu-un-na-ak-ke (Alster, Orientalia Lovaniensia periodica (Leuven 1970 ff.)   21, 4:19 E(mar) version syll.) //m u u u n n n an an a (ib. version «standard»!)."
0.14.548-0.14.564,35 Translitération a a k parce parce que c’est un texte syllabic(ally)   (a (a 5peu 5peu vraisemblable).
0.15.0-0.15.42,"tablets in the collections of the Oriental Institute, Univ. of Chicago   propos de ak «faire» (I) 61 -na-ka = {n + ak + e n}: Cf. sub voce   -na-ak-ke1 na-k na-k e 4 = /n/ + {ak + e n} (2e sg.): mu-an-na-ke 4 (Examenstext tablets in the collections of the Oriental Institute, Univ. of Chicago   51 Museum sigla  Antiquités (orientales), Musée du Cinquantenaire  [Uruk] // naan naan -ak-a //."
0.15.43-0.15.87,"3.4.2 3e sg. marû V. en général Klein, SˇP p. 29 et n. 162. Avant l’ép. pB écrit normalement -ak-ke 4, ensuite ensuite -ak-e (usuel)36 ou -akk -akk e 4 (surtout dans les hymnes de Sˇulgi dont l’orthographie n’a pas été modernisée, très rarement sinon)."
0.15.88-0.15.110,"Noter les gr. non-standard suivantes: Ur III -a-ke 4 = {ak + e}: i 3-a-ke 4 (TMH Neue Folge   1/2, 294:7 [Ni., SˇS 5])."
0.15.111-0.15.145,"b b a-akk a-akk e 4 = {b + ak + e}: i 3b 3b a -ak-ke 4 (UNT 32 i 2 [partiellement cassé], iii 6, reverse; revised   i 9 et [rev. ii 1] [Lag., s.d.])."
0.15.146-0.15.157,"-ke 4 = {ak + e}: äe 2-ma-ke 4 (TCS 1, 198:9)."
0.15.158-0.15.179,"pB litt. -akk -akk e1 = {ak + e}: b a -akk -akk e (Cavigneaux/al-Rawi, Zeitschrift für Assyriologie und verwandte Gebiete , (from 1939) und Vorderasiatische Archäologie (Leipzig … Berlin 1886 ff.); s. UAVA   92, 28 ii 14 [Tell Haddad])."
0.15.180-0.15.294,"-ke 4 = {ak + e}: eke eke 4 (CA 221 Y2 [Ni., mais très fautif] // äe 2ak-e); 2ak-e); n a-ke 4 (FI 79 A4 [Tell Haddad]) // na a a n -ake -ake //; confer   infra 5.464 sˇu(-)äu m ak. n n a-ak-e = {n i + ak + e}: n a a a n n n a -ak-e (FI 79 A3 [prov. inc.] // n a-an-ak-e //; confer   infra 5.464 sˇu (-)äu m ak); P. Michalowski, The Royal Correspondence of Ur (diss., Yale Univ.)   22:34 B et consonant   (Ni.) // n a-an-ak-e (var. citée par le The Sumerian Dictionary of the University Museum of the University of Pennsylvania (Philadelphia 1984 ff.)   A/III 110, 9.10); […]n […]n a ak-e ak-e (Isˇme-Dagan tablets in the collections of the Oriental Institute, Univ. of Chicago   400 I [Ur] // ä u m m u u u n -ak-e )."
0.15.295-0.15.367,"-na-e = {n i + ak + e}: na-na-e (FI 79 C3 [prov. inc.]) // n a-an-ak-e // (cf. infra 5.464 sˇu (-)äu m ak); l’amuïssement du /k/ intervocalique mérite d’être relevé, car la chose est très rare. -na-ka = {n i + ak + e}: m u n n a k k a (a-ab-ba ä . 108 B [= CLAM 380:18]) // m u u u n -ak-e (A = CLAM 377:a+37)."
0.15.368-0.15.395,"-na-ke1 = {n + i + ak + e}: n u m m u u u n n n ak ak e (Cavigneaux/al-Rawi, Iraq (British School of Archaeology in Iraq) (London 1934 ff.)   55, 102:32 [Tell Haddad])."
0.15.396-0.15.424,-pa-ke 4 = {b + ak + e}: äa r r a a a p p p a -{ke 4} (FI 40 A4 [Tell Haddad]) // äa-raab-ak-e äa-raab-ak-e //.
0.15.425-0.15.482,"pB lexical (texts)   a-ki = {ak + e} (?): ak ak i {ak} e-pe2-sˇum, {na}-bu-u (van Soldt, Mél. Houwink ten Cate 281 Side tablets in the collections of the Oriental Institute, Univ. of Chicago   ii 19 sq. [Tell Hammam et-Turkman]); comme k i ak {e}-pe2-sˇum est enregistré à la l. 17, a -k i recouvre plus probabl. {ak + e} que {ak + e d} ( ke 3-d )."
0.15.483-0.15.523,"3.4.3 3e pl. marû La gr. standard est -akn -akn e (passim), -ak-e-ne n’étant attesté que sporadiquement à l’ép. pB (cf. par ex. DuGˆ esˇt. 17 [Ur], In. sˇag. 185 Q [Ni.], Musˇen-ku6 143 G [prov. inc.] et Nmsˇ. 116 NiC)."
0.15.524-0.15.564,"Cela plaide pour une lecture ke ke 3n 3n e , laquelle est confirmée par les gr. non-standard -ke1n -ke1n e , k k e 4-ne et -ke 4-e-ne (cf. déjà D. O. Edzard, Zeitschrift für Assyriologie und verwandte Gebiete , (from 1939) und Vorderasiatische Archäologie (Leipzig … Berlin 1886 ff.); s. UAVA   66 [1976] 56 et n. 220)."
0.15.565-0.15.596,"3.4.3.1 Formes non redoublées pB litt. -ke1-ne = {ak + en e}: n u m m u u u n k k en en e (VS 2, reverse; revised   ii 3´ et 5´)."
0.15.597-0.15.617,"36 L’ex. le plus ancien que je connaisse est äe 2m 2m u n n a -ak-e (TCS 1, 199:6 [s.d.])."
0.16.0-0.16.36,62 Pascal Attinger k k e 4-ne = {ak + ene}: m a-ra-ke 4-ne (Nmsˇ. 116 NiQ) // ma-ra-ab-ke 4n 4n e (NiTT et LaC3) // m a r r a -akn -akn e (x 3) //.
0.16.37-0.16.60,ppB litt. k k e 4-e-ne = {ak + en e}: äa-ma-ab-ke 4-e-ne (Angim 161 cC [mA]) // ä a-maak-n a-maak-n e (version pB).
0.16.61-0.16.187,"3.4.3.2 Formes redoublées pB litt. k k e 4-ke 4-ne = {ak + ak + ene}: im-mi-in-ke 4-ke 4-n e (Cavigneaux/al-Rawi, Zeitschrift für Assyriologie und verwandte Gebiete , (from 1939) und Vorderasiatische Archäologie (Leipzig … Berlin 1886 ff.); s. UAVA   85, 21 Find siglum, Ur (London/Philadelphia/Baghdad)   4´ [Ur]) // im m m iin iin -ak.ak-[n ]e (C 6) //; confer   supra 2.2.3 ex. 4. 3.5 Forme marû non conjuguée Que {ak + e d} était prononcé ke 3-d , avec aphérèse du /a/ initial, a été bien mis en évidence par M. A. Powell (Mél. Diakonoff 314–319, surtout 317 sq.), et les quelques gr. non-standard nouvelles ne font que confirmer son hypothèse. pB litt./textes mathematical (texts)   g e18(?): { hub2-sar}(-)gin7 (InEb. 3 JJJ [Tell Haddad]; courtoisie A. Cavigneaux/ M. Jaques) // äu b2sa b2sa r ( ) ) re gin7 gin7 (B [Ur]) // äu b2-dar ak (× 5)."
0.16.188-0.16.240,"Soit on a affaire à une gr. non-standard de ke 3-d (lire ge18 // (-r )e-ge18, /e/ remontant au /a/ initial exceptionellement exceptionellement préservé), soit à une contamination par SˇA 48 äu b2 s ar-s ar-re-g in 7 (remarquer que les deux dupl. ont äu b2-sar [comme dans SˇA!], pas äu b2-dar )."
0.16.241-0.16.280,"gid 2: gid 2-da-zu-ne (textes math.); confer   Powell, op. cit. 317 et 319 n. 26. ke : Dans ke-ta = ke 3d 3d a (UET 6, 123:45 [catalogue littéraire] = incipit de LSU) et peut-être k i-gˆ u10ta u10ta (SumLet."
0.16.281-0.16.320,"B 16:15 tablets in the collections of the Oriental Institute, Univ. of Chicago   et B [Ur] // akgˆ akgˆ u10-ta (F et I [Ni.]); sur les problèmes suscités par ce passage, v. infra 5.257 l i b b b a r ak. ke-ek-ke = ke 3-ke 3: P. Michalowski, The Royal Correspondence of Ur (diss., Yale Univ.)   10:15 (Suse)."
0.16.321-0.16.420,"ke 4: ke 4ta 4ta (FI 72 A4 [Tell Haddad]) // ke 3-de 3. ke 4 ! ?k ?k e 4 ! ?-e-de 3 = ke 3k 3k e 3d 3d e 3(?): SˇA 37 CC (Suse; lecture proposée par M.-C. Ludwig, Santag 2 [1990] 146) // ke 3k 3k e 3-de 3; épigr. très incertain. kin(?): Dans les textes math., ke 3-da-zu-ne n’alterne pas seulement avec gid 2-daz 2-daz u -n e (v. supra), mais aussi avec kinda-zu-ne kinda-zu-ne , kin-ta-zu(-un )-ne et kin-zu 2n 2n e (cf. J. Friberg, Revue d'Assyriologie et d'Archéologie Orientale (Paris 1886 ff.)   94 [2000] 165, 168, 169, 170 et 171)."
0.16.421-0.16.440,On peut hésiter entre k igˆ 2 «chercher» «chercher» et une gr. non-standard de ke 3-d (lire kin-da-zu-ne < /kiddazune/?).
0.16.441-0.16.464,"k i t 2(tag4): k it 2-ta-zu-un-ne (Baqir, A. Parrot, Sumer. Die mesopotamische Kunst von den Anfängen bis zum XII. vorchristlichen Jahrhundert (Munich 1960)   6, 42/pl. 1 sq. [après p. 54] 6 [Tell Harmal, texte math.]); confer   A. Cavigneaux/F."
0.16.465-0.16.511,"N. H. al-Rawi, Zeitschrift für Assyriologie und verwandte Gebiete , (from 1939) und Vorderasiatische Archäologie (Leipzig … Berlin 1886 ff.); s. UAVA   83 (1993) 190 n. 23. (-)na-ke 4 = /n/ + /ak e/(?): Pour g g in 7(-)na-ke 4 dans Edubbâ 2:84 Tablet siglum of texts in the Archeological Museum in Istanbul (Lagash/Girsu)   (prov. inc.) et Ur2, confer   supra 3.3 et n. 30. (-)re-ge18 = /r/ + /a k e/(?): Cf. sub voce   g e18."
0.16.512-0.16.542,Noter inversément que ak est une gr. non-standard pour: k ad 4/ kid 5 dans g alam ke 3-de 3 (EJN 74 H) // ga la m ka d 4-dam/e //.
0.16.543-0.16.565,– «kara2» dans n u kara2.ak-de kara2.ak-de 3 (RCU 1:27 G [Ni.]) // n u kara2.kara2-de kara2.kara2-de 3 = peut-être /nukerkede/ v.s. //.
0.16.566-0.16.579,"pB lexical (texts)   ke ( e e ) : lex. series; MSL 14, 17ff.; see Ea   527 et van Soldt, Mél."
0.16.580-0.16.589,"Houwink ten Cate 280, Side tablets in the collections of the Oriental Institute, Univ. of Chicago   ii 17 (= {e}-pe2-sˇum)."
0.17.0-0.17.35,"tablets in the collections of the Oriental Institute, Univ. of Chicago   propos de ak «faire» (I) 63 ppB litt. (k i 3): ak est une gr. non-standard de k i dans k i 3 a = k i agˆ 2 (Incantation à Utu 235 B [néobab.?])."
0.17.36-0.17.40,ppB lexical (texts)   ke 4: Erimä.
0.17.41-0.17.61,"II 173 A. k i -i : lex. series e-a || A = naqu; MSL 14, 171ff.   VIII 24 et lex. series a2 || A = naqu; MSL 14, 201ff.   VIII/1:53, dans les deux cas traduit par epesˇu. 4."
0.17.62-0.17.84,"Ajouts et corrections au The Sumerian Dictionary of the University Museum of the University of Pennsylvania (Philadelphia 1984 ff.)   A/III 70–76, ak 1–7 Le lecteur trouvera ci-dessous quelques ajouts et corrections au The Sumerian Dictionary of the University Museum of the University of Pennsylvania (Philadelphia 1984 ff.)   A/III 70–76, ak 1–7."
0.17.85-0.17.113,"Dans ces lignes, je renonce en général à ajouter des références, à moins que je ne les juge intéressantes pour une quelconque raison. 1.3 a-n a(-am 3) ak Cf."
0.17.114-0.17.116,A/III 115 sq.
0.17.117-0.17.122,Bilingual   1 et 120 lexical (texts)   5.
0.17.123-0.17.211,"Egalement dans les NP présarg. e 2e-a-n 2e-a-n a-ak (Struve 43), e g 2ge 2ge a a n n a -ak (ib.), en-ne 2-a-na-ak (AWEL 19 ii 5), eri-gˆ u10-a-n a-ak (Struve 201), gˆ a 2a 2a n n a -ak (SR 60 i 3) s e s -e-a-na-ak (Struve 169), dans le NP d’Ur III e 2-e(-a )-na-ba(-ak) et peut-être dans le NT m u-ri-a-naba-ak/mu-ri-na-ba u-ri-a-naba-ak/mu-ri-na-ba (v. supra 3.1.1 Ur III écon./jur. sub voce   -b a = {b + ak} et 3.1.2.2 Ur III sub voce   -b a-k a )."
0.17.212-0.17.218,1.4 a-n a-g in 7 ak Cf.
0.17.219-0.17.221,A/III 115 sq.
0.17.222-0.17.234,"Bilingual   1. 3.1 «faire, façonner, construire» On pourrait multiplier les exemples ad libitum."
0.17.235-0.17.632,"J’ai relevé encore au hasard de mes lectures: a 2 kala-ga «côtés solides (d’un panier)» (FI 21), ad «poutre, radeau» (passim; pour quelques références, confer   A/III 6, 1.2), ad-t ab ur-ra «collier/laisse de chien» (MVN 1, 225:3), u r u d aalan «statue de cuivre» (Isˇme-Dagan tablets in the collections of the Oriental Institute, Univ. of Chicago   300), d a p u 2 «bord de puits» (InSˇuk. [9]4 // [264] ± // 142), d a tur.tur «…» (SP 3.87) e 2 u d u «bergerie» (UTAMI 4, 2397:8), g al z a b a r un grand récipient en bronze (MVN 14, 443:2; ou «traiter»?), g eg i l i m s u rr rr a littéralt «poteaux(?) de roseaux tordus» (Rochester (Rochester 174:9), g u «fil» (SNATBM 260 iii 24), g u kilib kilib «balle» (TIM 6, 1 vi 4´), g eg u r-d a un panier de roseau (Nabnitu VII 133 = A/III 123 lexical (texts)   53), u r u d agur x(sˇe.kin) «faucille» (MVN 18 = AulOr.-S 11, 424:2), gˆ esˇ-a-nagˆ (…), littéralt «Wassertränkholz», d’où «(hölzerne) Grabkammer» (Sallaberger) (TIM 6, 10:5 sq.; confer   C. Wilcke, Mél. Vajda 254), gˆ esˇn esˇn u 2 (…) «lit (…)» (UET 3, 772:3–5)37, ib2(.)sa «…» (Peat, Journal of Cuneiform Studies (New Haven . . . Baltimore 1947 ff.)   28, 215 n° 27:4 et Kutscher, Tel-Aviv 7, 173 n° 2:3), dl a m m a dsˇu dsu dsu en «(la statue d’)un génie de Sˇ.» (Owen, ASJ 19, 161/217 n° 50:2), m a 2 «bateau» (Jean, SˇA pl. 75:11´), m a 2(-)da-g a «…» (CST 585:3), m a 2la 2la 2(a 2(a ) «radeau» (AnOr. 1, 62:7 et UTAMI 3, 1911:2), g e muru muru 12 une natte de roseau (SP 14.46; confer   B. Alster, Nouvelles Assyriologiques Brèves et Utilitaires (Paris 1987 ff.); cf. Mémoires de NABU (1992 ff.), Cahiers de NABU (1990 ff.)   1999/88), n i gˆ 2-tab «Erhitzer «Erhitzer (= Ofen‹platte›?)» (GiEn. 7; trad. de Sallaberger, W. Sallaberger, Der babylonische Töpfer und seine Gefäse   105), p is agˆ im s ar «corbeille «corbeille pour tablettes écrites» (MVN 18 = AulOr.-S 11, 188:3 et Yale Oriental Series, Babylonian Texts (New Haven 1915 ff.)   4, 168:3), sa 2d 2d u 8 «…» (passim), su k u 5-kesˇe 2 = tiqnu, une parure (pour le cou/la tête) (Kramer, AnSt. 30, 7 sq. = Cuneiform Texts from Babylonian Tablets in the British Museum (London 1896 ff.)   58, 42 l. 79), sˇa 3t 3t u k u 5 «matelas(?)»38 (CST 606:2), u r u d asˇen un chaudron en cuivre (MVN 18, 407 reverse; revised   1), sˇu n n ir «emblème» (Inana D 201)39, z a 3d 3d u 8 «jambages 37 tablets in the collections of the Oriental Institute, Univ. of Chicago   distinguer de m u nu nu 2 (…) ak (ES) «préparer un lit (…)» (Inana G 50)."
0.17.633-0.17.679,"38 Ou «Geflecht» d’après field numbers of tablets excavated at Warka   Röllig/H. Waetzoldt, Reallexikon der Assyriologie und vorderasiatischen Archaologie   8 (1993–1997) 327. 39 tablets in the collections of the Oriental Institute, Univ. of Chicago   dinstinguer de sˇu n n i r ak dans lu 2 sˇu n n i r ak.ak = muäammis sˇur[ini ], «qui dépouille dépouille (de leurs métaux/pierres précieux) les emblèmes» (A/III 129 lexical (texts)   201)."
0.18.0-0.18.24,"64 Pascal Attinger (de porte)», «montants de porte» (GiM Museum siglum of the University Museum, Philadelphia (Nippur)   v 8 et peut-être Lugale 646)40 et z i 3 «farine» (SP 26 D 10)."
0.18.25-0.18.199,"3.2 «traiter, préparer» Pour le très fréquent i 3( gˆ gˆ esˇ/nun/sˇaä a/udu/ etc.) ak, littéralt «faire l’huile (…) sur qqc. (le plus souvent au loc.-term.41)» = «frotter, imbiber, oindre qqc. d’huile (/…)», voir infra 5.186; composition(s)   aussi a ak (B 1) «traiter qqc. à l’eau» (5.2)42. Ajouter par ex. gˆ esˇa l d u 3(a 3(a )b )b i (//) «toutes sortes de pioches» (FI 4043), k asˇ-de 2 «banquet» (SP 13.14), sˇe i 3 sik i «orge, graisse et laine» (Rim-Sîn tablets in the collections of the Oriental Institute, Univ. of Chicago   19), différents produits produits aromatiques (Lugalb. I 107 sq.), etc. On pourrait enfin ranger ici (faute de mieux!) les expressions du type animal femelle animal mâle-e ak ou animal mâle animale femelle-e ak, où ak peut être rendu librement par «mettre à disposition (pour la reproduction)»; confer   ab2 m aä 2 (…) am-e ke 3-de 3 (PDT 1, 498:1–4), u d 5 * su 4 masˇ 2 ! ?-e ke 3-de 3 (CST 136:1 sq.; confer   Materiali per il vocabulario neosumerico (Rom 1974 ff.)   12 p. 100) et gud-ab2 a b2-e ke 3-de 3 (SACT 1, 8:1 sq.)."
0.18.200-0.18.247,"3.3 x ta ta ak «faire qqc. de/avec qqc.» Une autre acception est «retirer/enlever qqc. de qqc.» (cf. par ex. Ur Excavations. Texts (London 1928 ff.)   3, 1382:1´ sq. sˇu-nigˆ in 2 n g u r /{sˇa 3} nigˆ 2-gur11-ra-t a bara-ak bara-ak «total n gur, ils ont été prélevés des biens disponibles»)."
0.18.248-0.18.322,"Comp. Materiali per il vocabulario neosumerico (Rom 1974 ff.)   16, 1638:4 sq.: 8 m u r g u 2b 2b a («carapaces de tortue») / gˆ esˇg u-za sˇa 3 e 2-masˇ-ka ba-ra-ak. D’interprétation difficile, mais probabl. à ranger ici, est Houe araire 114: gˆ esˇdal-ta (//) ku rr rr a u m ta ta -aken -aken /e (//), littéralt «Après qu’on t’a44 fait loin des poutres en une ‹montagne›» = «Après qu’on t’a dégagé des poutres et mis en tas» (conj.)."
0.18.323-0.18.339,"3.4 x sˇe sˇe 3 «faire N1 en N2», «transformer N1 en N2», «faire N2 avec N1»."
0.18.340-0.18.478,"V. aussi 5.176 äab2/ äabx-sˇe 3 ak, 5.504 uäsˇe uäsˇe 3 ak et 5.530 zi-isˇ-da (…)-sˇe 3 ak. Ajouter les expressions suivantes, d’interprétation souvent difficile: ab2-ki(-sˇe 3) ak «faire (des sillons) en abki» (A/II 170 sq. et R. de Maaijer/B. Jagersma, AfO 44/45 [1997/1998] 287 sq.), gˆ esˇga r a d in badsˇe badsˇe 3 n u -ak (TSA 28 v 4), gˆ esˇnu x/ gˆ esˇn esˇn u 2 boissˇe boissˇe 3 (nu-)ak (DP 490 i 1 sq. et ii 1), (poutres, planches, montants de portes et roseaux) nigˆ 2-ub5b 2-ub5b a sˇe sˇe 345 b a -ak (UET 3, 781:1–6) et peut-être b i sˇe sˇe ki-ba-la-sˇe ak-ka = (?) p esˇ 2-e ki-bala-sˇe 3 aka aka littéralt «(endroit) que les souris ont fait en un endroit mis sens dessus dessous» (Cavigneaux/al-Rawi, Zeitschrift für Assyriologie und verwandte Gebiete , (from 1939) und Vorderasiatische Archäologie (Leipzig … Berlin 1886 ff.); s. UAVA   92, 32 iv 8)."
0.18.479-0.18.566,"3.6 V. 5.121 gi16-sa(asˇ/esˇ gi16-sa(asˇ/esˇ 2) ak. 4. ak ne signifie pas «placer», mais peut tout au plus être rendu librement ainsi. Pour 4.1, v. infra 5.261 kusˇlu.ub2:lu.ub2.sˇir ak (etc.), pour 4.2 5.32 ag a/ ag a 3 zi ak46 et pour 4.3 5.275 t u 9m u u u n bu bu ak. 5.2 V. 5.521 usˇu 3 gigˆ 4 ak. 6. Noter aussi lu 2 za gin gin 3-na ke 3-de 3 (erg.) «l’homme qui travaille le lapis» (InDesc. 45 // 54 // 62 texte c)."
0.18.567-0.18.659,"6.1 et 6.3 V. 5.186 i 3(-gˆ esˇ/nun/sˇaäa/ u d u , etc.) ak. 40 Probabl. pas dans le sens de «construire», mais de «former»; confer   A. R. George, The Babylonian Babylonian Gilgamesh Epic (2003) 126 sq. 41 Dans «Lafont A. Parrot, Tello, vingt campagnes de fouilles (1877-1933) (Paris 1948)   359:1–2», lire tu 9-g e . 42 Les traductions du type «oil for preparing a water skin» ou «oil was prepared for the door […]» ne sont pas précises. 43 La traduction de Civil (p. 31) «The hoe should work everything» implique que l’ergatif ferait défaut dans tous les dupl. (× 7)."
0.18.660-0.18.711,"44 L’araire, ou plus précisément les troncs de bois avec lesquels il sera construit. 45 D’après Civil (Houe araire p. 110), désignerait une sorte de palissade. 46 Obscur est LU 219 W et E’, mais remarquer que les deux dupl. ont s agˆ (-)sˇe3 (pas tu 9!) la-ba-an-ake la-ba-an-ake . à"
